orderId,orderDate,companyName,country,productName,categoryName,quantity,unitPrice,revenue
10285,"2006-08-20 00:00:00","Customer IRRVL",Germany,"Product HHYDP",Beverages,45,14.40,648.00
10294,"2006-08-30 00:00:00","Customer NYUHS",USA,"Product HHYDP",Beverages,18,14.40,259.20
10317,"2006-09-30 00:00:00","Customer DVFMB",USA,"Product HHYDP",Beverages,20,14.40,288.00
10348,"2006-11-07 00:00:00","Customer SNXOJ",Germany,"Product HHYDP",Beverages,15,14.40,216.00
10354,"2006-11-14 00:00:00","Customer AHXHT",Mexico,"Product HHYDP",Beverages,12,14.40,172.80
10370,"2006-12-03 00:00:00","Customer WNMAF",Switzerland,"Product HHYDP",Beverages,15,14.40,216.00
10406,"2007-01-07 00:00:00","Customer WFIZJ",Brazil,"Product HHYDP",Beverages,10,14.40,144.00
10413,"2007-01-14 00:00:00","Customer XIIWM",France,"Product HHYDP",Beverages,24,14.40,345.60
10477,"2007-03-17 00:00:00","Customer QZURI",Portugal,"Product HHYDP",Beverages,15,14.40,216.00
10522,"2007-04-30 00:00:00","Customer OXFRU",Germany,"Product HHYDP",Beverages,40,18.00,720.00
10526,"2007-05-05 00:00:00","Customer ZHYOS",Finland,"Product HHYDP",Beverages,8,18.00,144.00
10576,"2007-06-23 00:00:00","Customer VONTK",Mexico,"Product HHYDP",Beverages,10,18.00,180.00
10590,"2007-07-07 00:00:00","Customer PVDZC",Canada,"Product HHYDP",Beverages,20,18.00,360.00
10609,"2007-07-24 00:00:00","Customer BSVAR",France,"Product HHYDP",Beverages,3,18.00,54.00
10611,"2007-07-25 00:00:00","Customer CCFIZ",Poland,"Product HHYDP",Beverages,6,18.00,108.00
10628,"2007-08-12 00:00:00","Customer QXVLA",France,"Product HHYDP",Beverages,25,18.00,450.00
10646,"2007-08-27 00:00:00","Customer FRXZL",Ireland,"Product HHYDP",Beverages,15,18.00,270.00
10689,"2007-10-01 00:00:00","Customer HGVLZ",Sweden,"Product HHYDP",Beverages,35,18.00,630.00
10691,"2007-10-03 00:00:00","Customer IRRVL",Germany,"Product HHYDP",Beverages,30,18.00,540.00
10700,"2007-10-10 00:00:00","Customer LCOUJ",USA,"Product HHYDP",Beverages,5,18.00,90.00
10729,"2007-11-04 00:00:00","Customer PSQUZ",Venezuela,"Product HHYDP",Beverages,50,18.00,900.00
10752,"2007-11-24 00:00:00","Customer GCJSG",UK,"Product HHYDP",Beverages,8,18.00,144.00
10838,"2008-01-19 00:00:00","Customer PSQUZ",Venezuela,"Product HHYDP",Beverages,4,18.00,72.00
10847,"2008-01-22 00:00:00","Customer LCOUJ",USA,"Product HHYDP",Beverages,80,18.00,1440.00
10863,"2008-02-02 00:00:00","Customer UMTLM",Venezuela,"Product HHYDP",Beverages,20,18.00,360.00
10869,"2008-02-04 00:00:00","Customer AHPOP",UK,"Product HHYDP",Beverages,40,18.00,720.00
10905,"2008-02-24 00:00:00","Customer SRQVM",Brazil,"Product HHYDP",Beverages,20,18.00,360.00
10911,"2008-02-26 00:00:00","Customer KSLQF",Spain,"Product HHYDP",Beverages,10,18.00,180.00
10918,"2008-03-02 00:00:00","Customer EEALV",Canada,"Product HHYDP",Beverages,60,18.00,1080.00
10935,"2008-03-09 00:00:00","Customer SRQVM",Brazil,"Product HHYDP",Beverages,21,18.00,378.00
11003,"2008-04-06 00:00:00","Customer NLTYP",USA,"Product HHYDP",Beverages,4,18.00,72.00
11005,"2008-04-07 00:00:00","Customer XBBVR",Finland,"Product HHYDP",Beverages,2,18.00,36.00
11006,"2008-04-07 00:00:00","Customer YSIQX",USA,"Product HHYDP",Beverages,8,18.00,144.00
11025,"2008-04-15 00:00:00","Customer ZHYOS",Finland,"Product HHYDP",Beverages,10,18.00,180.00
11031,"2008-04-17 00:00:00","Customer LCOUJ",USA,"Product HHYDP",Beverages,45,18.00,810.00
11035,"2008-04-20 00:00:00","Customer SFOGW",Belgium,"Product HHYDP",Beverages,10,18.00,180.00
11047,"2008-04-24 00:00:00","Customer RFNQC",UK,"Product HHYDP",Beverages,25,18.00,450.00
11070,"2008-05-05 00:00:00","Customer OXFRU",Germany,"Product HHYDP",Beverages,40,18.00,720.00
10255,"2006-07-12 00:00:00","Customer CCKOT",Switzerland,"Product RECZE",Beverages,20,15.20,304.00
10258,"2006-07-17 00:00:00","Customer THHDP",Austria,"Product RECZE",Beverages,50,15.20,760.00
10264,"2006-07-24 00:00:00","Customer CYZTN",Sweden,"Product RECZE",Beverages,35,15.20,532.00
10298,"2006-09-05 00:00:00","Customer FRXZL",Ireland,"Product RECZE",Beverages,40,15.20,608.00
10327,"2006-10-11 00:00:00","Customer CYZTN",Sweden,"Product RECZE",Beverages,25,15.20,380.00
10335,"2006-10-22 00:00:00","Customer FRXZL",Ireland,"Product RECZE",Beverages,7,15.20,106.40
10342,"2006-10-30 00:00:00","Customer AZJED",Germany,"Product RECZE",Beverages,24,15.20,364.80
10393,"2006-12-25 00:00:00","Customer LCOUJ",USA,"Product RECZE",Beverages,25,15.20,380.00
10418,"2007-01-17 00:00:00","Customer IRRVL",Germany,"Product RECZE",Beverages,60,15.20,912.00
10435,"2007-02-04 00:00:00","Customer GYBBY",UK,"Product RECZE",Beverages,10,15.20,152.00
10440,"2007-02-10 00:00:00","Customer LCOUJ",USA,"Product RECZE",Beverages,45,15.20,684.00
10469,"2007-03-10 00:00:00","Customer YBQTI",USA,"Product RECZE",Beverages,40,15.20,608.00
10485,"2007-03-25 00:00:00","Customer PSQUZ",Venezuela,"Product RECZE",Beverages,20,15.20,304.00
10504,"2007-04-11 00:00:00","Customer YBQTI",USA,"Product RECZE",Beverages,12,19.00,228.00
10611,"2007-07-25 00:00:00","Customer CCFIZ",Poland,"Product RECZE",Beverages,10,19.00,190.00
10622,"2007-08-06 00:00:00","Customer QVEPD",Brazil,"Product RECZE",Beverages,20,19.00,380.00
10632,"2007-08-14 00:00:00","Customer SNXOJ",Germany,"Product RECZE",Beverages,30,19.00,570.00
10641,"2007-08-22 00:00:00","Customer UMTLM",Venezuela,"Product RECZE",Beverages,50,19.00,950.00
10703,"2007-10-14 00:00:00","Customer CYZTN",Sweden,"Product RECZE",Beverages,5,19.00,95.00
10714,"2007-10-22 00:00:00","Customer LCOUJ",USA,"Product RECZE",Beverages,30,19.00,570.00
10722,"2007-10-29 00:00:00","Customer LCOUJ",USA,"Product RECZE",Beverages,3,19.00,57.00
10741,"2007-11-14 00:00:00","Customer HFBZG",UK,"Product RECZE",Beverages,15,19.00,285.00
10766,"2007-12-05 00:00:00","Customer QNIVZ",Germany,"Product RECZE",Beverages,40,19.00,760.00
10787,"2007-12-19 00:00:00","Customer XIIWM",France,"Product RECZE",Beverages,15,19.00,285.00
10792,"2007-12-23 00:00:00","Customer CCFIZ",Poland,"Product RECZE",Beverages,10,19.00,190.00
10806,"2007-12-31 00:00:00","Customer NRCSK",France,"Product RECZE",Beverages,20,19.00,380.00
10813,"2008-01-05 00:00:00","Customer QVEPD",Brazil,"Product RECZE",Beverages,12,19.00,228.00
10829,"2008-01-13 00:00:00","Customer LJUCA",UK,"Product RECZE",Beverages,10,19.00,190.00
10851,"2008-01-26 00:00:00","Customer QVEPD",Brazil,"Product RECZE",Beverages,5,19.00,95.00
10852,"2008-01-26 00:00:00","Customer NYUHS",USA,"Product RECZE",Beverages,15,19.00,285.00
10856,"2008-01-28 00:00:00","Customer KBUDE",Mexico,"Product RECZE",Beverages,20,19.00,380.00
10866,"2008-02-03 00:00:00","Customer HGVLZ",Sweden,"Product RECZE",Beverages,21,19.00,399.00
10885,"2008-02-12 00:00:00","Customer SFOGW",Belgium,"Product RECZE",Beverages,20,19.00,380.00
10888,"2008-02-16 00:00:00","Customer KSLQF",Spain,"Product RECZE",Beverages,20,19.00,380.00
10939,"2008-03-10 00:00:00","Customer CQRAA",Italy,"Product RECZE",Beverages,10,19.00,190.00
10991,"2008-04-01 00:00:00","Customer IRRVL",Germany,"Product RECZE",Beverages,50,19.00,950.00
11021,"2008-04-14 00:00:00","Customer IRRVL",Germany,"Product RECZE",Beverages,11,19.00,209.00
11030,"2008-04-17 00:00:00","Customer LCOUJ",USA,"Product RECZE",Beverages,100,19.00,1900.00
11041,"2008-04-22 00:00:00","Customer WNMAF",Switzerland,"Product RECZE",Beverages,30,19.00,570.00
11049,"2008-04-24 00:00:00","Customer YJCBX",Brazil,"Product RECZE",Beverages,10,19.00,190.00
11070,"2008-05-05 00:00:00","Customer OXFRU",Germany,"Product RECZE",Beverages,20,19.00,380.00
11072,"2008-05-05 00:00:00","Customer THHDP",Austria,"Product RECZE",Beverages,8,19.00,152.00
11075,"2008-05-06 00:00:00","Customer CCKOT",Switzerland,"Product RECZE",Beverages,10,19.00,190.00
11077,"2008-05-06 00:00:00","Customer NYUHS",USA,"Product RECZE",Beverages,24,19.00,456.00
10254,"2006-07-11 00:00:00","Customer WNMAF",Switzerland,"Product QOGNU",Beverages,15,3.60,54.00
10263,"2006-07-23 00:00:00","Customer THHDP",Austria,"Product QOGNU",Beverages,28,3.60,100.80
10275,"2006-08-07 00:00:00","Customer CQRAA",Italy,"Product QOGNU",Beverages,12,3.60,43.20
10280,"2006-08-14 00:00:00","Customer HGVLZ",Sweden,"Product QOGNU",Beverages,12,3.60,43.20
10281,"2006-08-14 00:00:00","Customer SIUIH",Spain,"Product QOGNU",Beverages,6,3.60,21.60
10293,"2006-08-29 00:00:00","Customer VONTK",Mexico,"Product QOGNU",Beverages,10,3.60,36.00
10352,"2006-11-12 00:00:00","Customer XYUFB",Portugal,"Product QOGNU",Beverages,10,3.60,36.00
10355,"2006-11-15 00:00:00","Customer HFBZG",UK,"Product QOGNU",Beverages,25,3.60,90.00
10358,"2006-11-20 00:00:00","Customer XIIWM",France,"Product QOGNU",Beverages,10,3.60,36.00
10386,"2006-12-18 00:00:00","Customer KIdPX",Brazil,"Product QOGNU",Beverages,15,3.60,54.00
10387,"2006-12-18 00:00:00","Customer TMXGN",Norway,"Product QOGNU",Beverages,15,3.60,54.00
10446,"2007-02-14 00:00:00","Customer FAPSM",Germany,"Product QOGNU",Beverages,20,3.60,72.00
10465,"2007-03-05 00:00:00","Customer ZRNDE",Denmark,"Product QOGNU",Beverages,25,3.60,90.00
10467,"2007-03-06 00:00:00","Customer CQRAA",Italy,"Product QOGNU",Beverages,28,3.60,100.80
10472,"2007-03-12 00:00:00","Customer AHPOP",UK,"Product QOGNU",Beverages,80,3.60,288.00
10498,"2007-04-07 00:00:00","Customer UMTLM",Venezuela,"Product QOGNU",Beverages,14,4.50,63.00
10512,"2007-04-21 00:00:00","Customer KIdPX",Brazil,"Product QOGNU",Beverages,10,4.50,45.00
10518,"2007-04-25 00:00:00","Customer VONTK",Mexico,"Product QOGNU",Beverages,5,4.50,22.50
10520,"2007-04-29 00:00:00","Customer TMXGN",Norway,"Product QOGNU",Beverages,8,4.50,36.00
10541,"2007-05-19 00:00:00","Customer IBVRG",Brazil,"Product QOGNU",Beverages,35,4.50,157.50
10555,"2007-06-02 00:00:00","Customer LCOUJ",USA,"Product QOGNU",Beverages,18,4.50,81.00
10565,"2007-06-11 00:00:00","Customer PVDZC",Canada,"Product QOGNU",Beverages,25,4.50,112.50
10597,"2007-07-11 00:00:00","Customer LOLJO",Austria,"Product QOGNU",Beverages,35,4.50,157.50
10620,"2007-08-05 00:00:00","Customer IAIJK",Canada,"Product QOGNU",Beverages,5,4.50,22.50
10623,"2007-08-07 00:00:00","Customer AZJED",Germany,"Product QOGNU",Beverages,3,4.50,13.50
10648,"2007-08-28 00:00:00","Customer QVEPD",Brazil,"Product QOGNU",Beverages,15,4.50,67.50
10695,"2007-10-07 00:00:00","Customer XBBVR",Finland,"Product QOGNU",Beverages,20,4.50,90.00
10704,"2007-10-14 00:00:00","Customer WFIZJ",Brazil,"Product QOGNU",Beverages,35,4.50,157.50
10763,"2007-12-03 00:00:00","Customer WVFAF",France,"Product QOGNU",Beverages,20,4.50,90.00
10799,"2007-12-26 00:00:00","Customer GLLAG",Germany,"Product QOGNU",Beverages,20,4.50,90.00
10859,"2008-01-29 00:00:00","Customer AZJED",Germany,"Product QOGNU",Beverages,40,4.50,180.00
10866,"2008-02-03 00:00:00","Customer HGVLZ",Sweden,"Product QOGNU",Beverages,6,4.50,27.00
10883,"2008-02-12 00:00:00","Customer DVFMB",USA,"Product QOGNU",Beverages,8,4.50,36.00
10885,"2008-02-12 00:00:00","Customer SFOGW",Belgium,"Product QOGNU",Beverages,12,4.50,54.00
10893,"2008-02-18 00:00:00","Customer GLLAG",Germany,"Product QOGNU",Beverages,10,4.50,45.00
10895,"2008-02-18 00:00:00","Customer THHDP",Austria,"Product QOGNU",Beverages,110,4.50,495.00
10922,"2008-03-03 00:00:00","Customer IBVRG",Brazil,"Product QOGNU",Beverages,35,4.50,157.50
10946,"2008-03-12 00:00:00","Customer ZRNDE",Denmark,"Product QOGNU",Beverages,25,4.50,112.50
10960,"2008-03-19 00:00:00","Customer UMTLM",Venezuela,"Product QOGNU",Beverages,10,4.50,45.00
10968,"2008-03-23 00:00:00","Customer THHDP",Austria,"Product QOGNU",Beverages,30,4.50,135.00
10979,"2008-03-26 00:00:00","Customer THHDP",Austria,"Product QOGNU",Beverages,80,4.50,360.00
10984,"2008-03-30 00:00:00","Customer LCOUJ",USA,"Product QOGNU",Beverages,20,4.50,90.00
10998,"2008-04-03 00:00:00","Customer CCFIZ",Poland,"Product QOGNU",Beverages,12,4.50,54.00
11000,"2008-04-06 00:00:00","Customer NYUHS",USA,"Product QOGNU",Beverages,30,4.50,135.00
11009,"2008-04-08 00:00:00","Customer KSLQF",Spain,"Product QOGNU",Beverages,12,4.50,54.00
11010,"2008-04-09 00:00:00","Customer LHANT",Italy,"Product QOGNU",Beverages,10,4.50,45.00
11027,"2008-04-16 00:00:00","Customer EEALV",Canada,"Product QOGNU",Beverages,30,4.50,135.00
11031,"2008-04-17 00:00:00","Customer LCOUJ",USA,"Product QOGNU",Beverages,21,4.50,94.50
11051,"2008-04-27 00:00:00","Customer XIIWM",France,"Product QOGNU",Beverages,10,4.50,45.00
11055,"2008-04-28 00:00:00","Customer UMTLM",Venezuela,"Product QOGNU",Beverages,15,4.50,67.50
11073,"2008-05-05 00:00:00","Customer AHXHT",Mexico,"Product QOGNU",Beverages,20,4.50,90.00
10287,"2006-08-22 00:00:00","Customer QVEPD",Brazil,"Product SWNJY",Beverages,20,11.20,224.00
10315,"2006-09-26 00:00:00","Customer LJUCA",UK,"Product SWNJY",Beverages,14,11.20,156.80
10358,"2006-11-20 00:00:00","Customer XIIWM",France,"Product SWNJY",Beverages,10,11.20,112.00
10367,"2006-11-28 00:00:00","Customer ZRNDE",Denmark,"Product SWNJY",Beverages,36,11.20,403.20
10386,"2006-12-18 00:00:00","Customer KIdPX",Brazil,"Product SWNJY",Beverages,10,11.20,112.00
10438,"2007-02-06 00:00:00","Customer FAPSM",Germany,"Product SWNJY",Beverages,20,11.20,224.00
10483,"2007-03-24 00:00:00","Customer YBQTI",USA,"Product SWNJY",Beverages,35,11.20,392.00
10548,"2007-05-26 00:00:00","Customer FAPSM",Germany,"Product SWNJY",Beverages,10,14.00,140.00
10573,"2007-06-19 00:00:00","Customer KBUDE",Mexico,"Product SWNJY",Beverages,40,14.00,560.00
10688,"2007-10-01 00:00:00","Customer ZRNDE",Denmark,"Product SWNJY",Beverages,14,14.00,196.00
10700,"2007-10-10 00:00:00","Customer LCOUJ",USA,"Product SWNJY",Beverages,12,14.00,168.00
10757,"2007-11-27 00:00:00","Customer LCOUJ",USA,"Product SWNJY",Beverages,30,14.00,420.00
10805,"2007-12-30 00:00:00","Customer LCYBZ",USA,"Product SWNJY",Beverages,10,14.00,140.00
10890,"2008-02-16 00:00:00","Customer BSVAR",France,"Product SWNJY",Beverages,10,14.00,140.00
10937,"2008-03-10 00:00:00","Customer PSNMQ",Argentina,"Product SWNJY",Beverages,20,14.00,280.00
10990,"2008-04-01 00:00:00","Customer THHDP",Austria,"Product SWNJY",Beverages,60,14.00,840.00
11008,"2008-04-08 00:00:00","Customer THHDP",Austria,"Product SWNJY",Beverages,90,14.00,1260.00
11063,"2008-04-30 00:00:00","Customer FRXZL",Ireland,"Product SWNJY",Beverages,30,14.00,420.00
11066,"2008-05-01 00:00:00","Customer YBQTI",USA,"Product SWNJY",Beverages,35,14.00,490.00
10261,"2006-07-19 00:00:00","Customer WULWD",Brazil,"Product NEVTJ",Beverages,20,14.40,288.00
10281,"2006-08-14 00:00:00","Customer SIUIH",Spain,"Product NEVTJ",Beverages,4,14.40,57.60
10286,"2006-08-21 00:00:00","Customer IRRVL",Germany,"Product NEVTJ",Beverages,100,14.40,1440.00
10321,"2006-10-03 00:00:00","Customer LJUCA",UK,"Product NEVTJ",Beverages,10,14.40,144.00
10324,"2006-10-08 00:00:00","Customer LCOUJ",USA,"Product NEVTJ",Beverages,70,14.40,1008.00
10390,"2006-12-23 00:00:00","Customer THHDP",Austria,"Product NEVTJ",Beverages,40,14.40,576.00
10398,"2006-12-30 00:00:00","Customer LCOUJ",USA,"Product NEVTJ",Beverages,30,14.40,432.00
10400,"2007-01-01 00:00:00","Customer RFNQC",UK,"Product NEVTJ",Beverages,35,14.40,504.00
10424,"2007-01-23 00:00:00","Customer PVDZC",Canada,"Product NEVTJ",Beverages,60,14.40,864.00
10444,"2007-02-12 00:00:00","Customer HGVLZ",Sweden,"Product NEVTJ",Beverages,8,14.40,115.20
10521,"2007-04-29 00:00:00","Customer PSNMQ",Argentina,"Product NEVTJ",Beverages,3,18.00,54.00
10546,"2007-05-23 00:00:00","Customer NRCSK",France,"Product NEVTJ",Beverages,30,18.00,540.00
10551,"2007-05-28 00:00:00","Customer XYUFB",Portugal,"Product NEVTJ",Beverages,20,18.00,360.00
10553,"2007-05-30 00:00:00","Customer ZHYOS",Finland,"Product NEVTJ",Beverages,6,18.00,108.00
10578,"2007-06-24 00:00:00","Customer UBHAU",UK,"Product NEVTJ",Beverages,20,18.00,360.00
10587,"2007-07-02 00:00:00","Customer WULWD",Brazil,"Product NEVTJ",Beverages,20,18.00,360.00
10589,"2007-07-04 00:00:00","Customer YSIQX",USA,"Product NEVTJ",Beverages,4,18.00,72.00
10595,"2007-07-10 00:00:00","Customer THHDP",Austria,"Product NEVTJ",Beverages,30,18.00,540.00
10623,"2007-08-07 00:00:00","Customer AZJED",Germany,"Product NEVTJ",Beverages,30,18.00,540.00
10697,"2007-10-08 00:00:00","Customer PSQUZ",Venezuela,"Product NEVTJ",Beverages,9,18.00,162.00
10720,"2007-10-28 00:00:00","Customer WULWD",Brazil,"Product NEVTJ",Beverages,21,18.00,378.00
10740,"2007-11-13 00:00:00","Customer YBQTI",USA,"Product NEVTJ",Beverages,35,18.00,630.00
10789,"2007-12-22 00:00:00","Customer WVFAF",France,"Product NEVTJ",Beverages,15,18.00,270.00
10821,"2008-01-08 00:00:00","Customer XOJYP",USA,"Product NEVTJ",Beverages,20,18.00,360.00
10831,"2008-01-14 00:00:00","Customer TMXGN",Norway,"Product NEVTJ",Beverages,8,18.00,144.00
10836,"2008-01-16 00:00:00","Customer THHDP",Austria,"Product NEVTJ",Beverages,6,18.00,108.00
10845,"2008-01-21 00:00:00","Customer IRRVL",Germany,"Product NEVTJ",Beverages,25,18.00,450.00
10864,"2008-02-02 00:00:00","Customer HFBZG",UK,"Product NEVTJ",Beverages,4,18.00,72.00
10868,"2008-02-04 00:00:00","Customer WFIZJ",Brazil,"Product NEVTJ",Beverages,30,18.00,540.00
10870,"2008-02-04 00:00:00","Customer CCFIZ",Poland,"Product NEVTJ",Beverages,3,18.00,54.00
10921,"2008-03-03 00:00:00","Customer ZRNDE",Denmark,"Product NEVTJ",Beverages,10,18.00,180.00
10957,"2008-03-18 00:00:00","Customer UMTLM",Venezuela,"Product NEVTJ",Beverages,40,18.00,720.00
11002,"2008-04-06 00:00:00","Customer LCOUJ",USA,"Product NEVTJ",Beverages,15,18.00,270.00
11035,"2008-04-20 00:00:00","Customer SFOGW",Belgium,"Product NEVTJ",Beverages,60,18.00,1080.00
11039,"2008-04-21 00:00:00","Customer PSQUZ",Venezuela,"Product NEVTJ",Beverages,24,18.00,432.00
11046,"2008-04-23 00:00:00","Customer SNXOJ",Germany,"Product NEVTJ",Beverages,18,18.00,324.00
10329,"2006-10-15 00:00:00","Customer XOJYP",USA,"Product QDOMO",Beverages,20,210.80,4216.00
10351,"2006-11-11 00:00:00","Customer THHDP",Austria,"Product QDOMO",Beverages,20,210.80,4216.00
10353,"2006-11-13 00:00:00","Customer LOLJO",Austria,"Product QDOMO",Beverages,50,210.80,10540.00
10360,"2006-11-22 00:00:00","Customer QXVLA",France,"Product QDOMO",Beverages,10,210.80,2108.00
10372,"2006-12-04 00:00:00","Customer WFIZJ",Brazil,"Product QDOMO",Beverages,40,210.80,8432.00
10417,"2007-01-16 00:00:00","Customer JMIKW",Denmark,"Product QDOMO",Beverages,50,210.80,10540.00
10424,"2007-01-23 00:00:00","Customer PVDZC",Canada,"Product QDOMO",Beverages,49,210.80,10329.20
10479,"2007-03-19 00:00:00","Customer NYUHS",USA,"Product QDOMO",Beverages,30,210.80,6324.00
10518,"2007-04-25 00:00:00","Customer VONTK",Mexico,"Product QDOMO",Beverages,15,263.50,3952.50
10540,"2007-05-19 00:00:00","Customer IRRVL",Germany,"Product QDOMO",Beverages,30,263.50,7905.00
10541,"2007-05-19 00:00:00","Customer IBVRG",Brazil,"Product QDOMO",Beverages,4,263.50,1054.00
10616,"2007-07-31 00:00:00","Customer YSIQX",USA,"Product QDOMO",Beverages,15,263.50,3952.50
10672,"2007-09-17 00:00:00","Customer HGVLZ",Sweden,"Product QDOMO",Beverages,15,263.50,3952.50
10783,"2007-12-18 00:00:00","Customer IBVRG",Brazil,"Product QDOMO",Beverages,5,263.50,1317.50
10805,"2007-12-30 00:00:00","Customer LCYBZ",USA,"Product QDOMO",Beverages,10,263.50,2635.00
10816,"2008-01-06 00:00:00","Customer YSIQX",USA,"Product QDOMO",Beverages,30,263.50,7905.00
10817,"2008-01-06 00:00:00","Customer GLLAG",Germany,"Product QDOMO",Beverages,30,263.50,7905.00
10828,"2008-01-13 00:00:00","Customer LWGMD",Argentina,"Product QDOMO",Beverages,2,263.50,527.00
10831,"2008-01-14 00:00:00","Customer TMXGN",Norway,"Product QDOMO",Beverages,8,263.50,2108.00
10865,"2008-02-02 00:00:00","Customer IRRVL",Germany,"Product QDOMO",Beverages,60,263.50,15810.00
10889,"2008-02-16 00:00:00","Customer NYUHS",USA,"Product QDOMO",Beverages,40,263.50,10540.00
10964,"2008-03-20 00:00:00","Customer YSHXL",France,"Product QDOMO",Beverages,5,263.50,1317.50
10981,"2008-03-27 00:00:00","Customer IBVRG",Brazil,"Product QDOMO",Beverages,60,263.50,15810.00
11032,"2008-04-17 00:00:00","Customer YBQTI",USA,"Product QDOMO",Beverages,25,263.50,6587.50
10253,"2006-07-10 00:00:00","Customer IBVRG",Brazil,"Product LSOFL",Beverages,42,14.40,604.80
10257,"2006-07-16 00:00:00","Customer UMTLM",Venezuela,"Product LSOFL",Beverages,6,14.40,86.40
10297,"2006-09-04 00:00:00","Customer QXVLA",France,"Product LSOFL",Beverages,60,14.40,864.00
10305,"2006-09-13 00:00:00","Customer KZQZT",USA,"Product LSOFL",Beverages,30,14.40,432.00
10323,"2006-10-07 00:00:00","Customer GLLAG",Germany,"Product LSOFL",Beverages,4,14.40,57.60
10347,"2006-11-06 00:00:00","Customer KIdPX",Brazil,"Product LSOFL",Beverages,50,14.40,720.00
10361,"2006-11-22 00:00:00","Customer IRRVL",Germany,"Product LSOFL",Beverages,54,14.40,777.60
10377,"2006-12-09 00:00:00","Customer AHPOP",UK,"Product LSOFL",Beverages,20,14.40,288.00
10445,"2007-02-13 00:00:00","Customer HGVLZ",Sweden,"Product LSOFL",Beverages,6,14.40,86.40
10455,"2007-02-24 00:00:00","Customer ZHYOS",Finland,"Product LSOFL",Beverages,20,14.40,288.00
10477,"2007-03-17 00:00:00","Customer QZURI",Portugal,"Product LSOFL",Beverages,20,14.40,288.00
10508,"2007-04-16 00:00:00","Customer QNIVZ",Germany,"Product LSOFL",Beverages,10,18.00,180.00
10577,"2007-06-23 00:00:00","Customer EYHKM",USA,"Product LSOFL",Beverages,10,18.00,180.00
10614,"2007-07-29 00:00:00","Customer XHXJV",Germany,"Product LSOFL",Beverages,5,18.00,90.00
10643,"2007-08-25 00:00:00","Customer NRZBB",Germany,"Product LSOFL",Beverages,21,18.00,378.00
10647,"2007-08-27 00:00:00","Customer WULWD",Brazil,"Product LSOFL",Beverages,20,18.00,360.00
10654,"2007-09-02 00:00:00","Customer HGVLZ",Sweden,"Product LSOFL",Beverages,20,18.00,360.00
10661,"2007-09-09 00:00:00","Customer FRXZL",Ireland,"Product LSOFL",Beverages,3,18.00,54.00
10762,"2007-12-02 00:00:00","Customer CYZTN",Sweden,"Product LSOFL",Beverages,16,18.00,288.00
10764,"2007-12-03 00:00:00","Customer THHDP",Austria,"Product LSOFL",Beverages,130,18.00,2340.00
10784,"2007-12-18 00:00:00","Customer CQRAA",Italy,"Product LSOFL",Beverages,2,18.00,36.00
10827,"2008-01-12 00:00:00","Customer RTXGC",France,"Product LSOFL",Beverages,21,18.00,378.00
10830,"2008-01-13 00:00:00","Customer YQQWW",Brazil,"Product LSOFL",Beverages,28,18.00,504.00
10840,"2008-01-19 00:00:00","Customer PSQUZ",Venezuela,"Product LSOFL",Beverages,10,18.00,180.00
10865,"2008-02-02 00:00:00","Customer IRRVL",Germany,"Product LSOFL",Beverages,80,18.00,1440.00
10895,"2008-02-18 00:00:00","Customer THHDP",Austria,"Product LSOFL",Beverages,45,18.00,810.00
10899,"2008-02-20 00:00:00","Customer XPNIK",Venezuela,"Product LSOFL",Beverages,8,18.00,144.00
10977,"2008-03-26 00:00:00","Customer CYZTN",Sweden,"Product LSOFL",Beverages,30,18.00,540.00
11069,"2008-05-04 00:00:00","Customer VONTK",Mexico,"Product LSOFL",Beverages,20,18.00,360.00
11077,"2008-05-06 00:00:00","Customer NYUHS",USA,"Product LSOFL",Beverages,2,18.00,36.00
10270,"2006-08-01 00:00:00","Customer ZHYOS",Finland,"Product ZZZHR",Beverages,25,36.80,920.00
10294,"2006-08-30 00:00:00","Customer NYUHS",USA,"Product ZZZHR",Beverages,15,36.80,552.00
10302,"2006-09-10 00:00:00","Customer SFOGW",Belgium,"Product ZZZHR",Beverages,12,36.80,441.60
10309,"2006-09-19 00:00:00","Customer FRXZL",Ireland,"Product ZZZHR",Beverages,20,36.80,736.00
10312,"2006-09-23 00:00:00","Customer SNXOJ",Germany,"Product ZZZHR",Beverages,24,36.80,883.20
10340,"2006-10-29 00:00:00","Customer RTXGC",France,"Product ZZZHR",Beverages,40,36.80,1472.00
10458,"2007-02-26 00:00:00","Customer SFOGW",Belgium,"Product ZZZHR",Beverages,20,36.80,736.00
10464,"2007-03-04 00:00:00","Customer XYUFB",Portugal,"Product ZZZHR",Beverages,3,36.80,110.40
10468,"2007-03-07 00:00:00","Customer GLLAG",Germany,"Product ZZZHR",Beverages,15,36.80,552.00
10507,"2007-04-15 00:00:00","Customer KBUDE",Mexico,"Product ZZZHR",Beverages,15,46.00,690.00
10524,"2007-05-01 00:00:00","Customer HGVLZ",Sweden,"Product ZZZHR",Beverages,60,46.00,2760.00
10530,"2007-05-08 00:00:00","Customer LOLJO",Austria,"Product ZZZHR",Beverages,25,46.00,1150.00
10644,"2007-08-25 00:00:00","Customer SRQVM",Brazil,"Product ZZZHR",Beverages,20,46.00,920.00
10673,"2007-09-18 00:00:00","Customer XBBVR",Finland,"Product ZZZHR",Beverages,6,46.00,276.00
10691,"2007-10-03 00:00:00","Customer IRRVL",Germany,"Product ZZZHR",Beverages,40,46.00,1840.00
10706,"2007-10-16 00:00:00","Customer KZQZT",USA,"Product ZZZHR",Beverages,24,46.00,1104.00
10760,"2007-12-01 00:00:00","Customer JYPSC",Belgium,"Product ZZZHR",Beverages,30,46.00,1380.00
10814,"2008-01-05 00:00:00","Customer NRCSK",France,"Product ZZZHR",Beverages,20,46.00,920.00
10819,"2008-01-07 00:00:00","Customer PSNMQ",Argentina,"Product ZZZHR",Beverages,7,46.00,322.00
10831,"2008-01-14 00:00:00","Customer TMXGN",Norway,"Product ZZZHR",Beverages,9,46.00,414.00
10842,"2008-01-20 00:00:00","Customer VONTK",Mexico,"Product ZZZHR",Beverages,5,46.00,230.00
10923,"2008-03-03 00:00:00","Customer XIIWM",France,"Product ZZZHR",Beverages,10,46.00,460.00
10938,"2008-03-10 00:00:00","Customer IRRVL",Germany,"Product ZZZHR",Beverages,24,46.00,1104.00
10982,"2008-03-27 00:00:00","Customer EEALV",Canada,"Product ZZZHR",Beverages,9,46.00,414.00
10987,"2008-03-31 00:00:00","Customer RFNQC",UK,"Product ZZZHR",Beverages,6,46.00,276.00
11023,"2008-04-14 00:00:00","Customer UBHAU",UK,"Product ZZZHR",Beverages,30,46.00,1380.00
11052,"2008-04-27 00:00:00","Customer IBVRG",Brazil,"Product ZZZHR",Beverages,30,46.00,1380.00
11068,"2008-05-04 00:00:00","Customer WFIZJ",Brazil,"Product ZZZHR",Beverages,36,46.00,1656.00
10284,"2006-08-19 00:00:00","Customer OXFRU",Germany,"Product XLXQF",Beverages,5,11.20,56.00
10502,"2007-04-10 00:00:00","Customer AHXHT",Mexico,"Product XLXQF",Beverages,30,14.00,420.00
10544,"2007-05-21 00:00:00","Customer DVFMB",USA,"Product XLXQF",Beverages,7,14.00,98.00
10670,"2007-09-16 00:00:00","Customer AZJED",Germany,"Product XLXQF",Beverages,25,14.00,350.00
10775,"2007-12-12 00:00:00","Customer NLTYP",USA,"Product XLXQF",Beverages,3,14.00,42.00
10864,"2008-02-02 00:00:00","Customer HFBZG",UK,"Product XLXQF",Beverages,15,14.00,210.00
10911,"2008-02-26 00:00:00","Customer KSLQF",Spain,"Product XLXQF",Beverages,15,14.00,210.00
10923,"2008-03-03 00:00:00","Customer XIIWM",France,"Product XLXQF",Beverages,24,14.00,336.00
10939,"2008-03-10 00:00:00","Customer CQRAA",Italy,"Product XLXQF",Beverages,40,14.00,560.00
11054,"2008-04-28 00:00:00","Customer PSNMQ",Argentina,"Product XLXQF",Beverages,20,14.00,280.00
10260,"2006-07-19 00:00:00","Customer QNIVZ",Germany,"Product TOONT",Beverages,21,12.00,252.00
10265,"2006-07-25 00:00:00","Customer QXVLA",France,"Product TOONT",Beverages,20,12.00,240.00
10299,"2006-09-06 00:00:00","Customer QVEPD",Brazil,"Product TOONT",Beverages,20,12.00,240.00
10308,"2006-09-18 00:00:00","Customer MLTDN",Mexico,"Product TOONT",Beverages,5,12.00,60.00
10315,"2006-09-26 00:00:00","Customer LJUCA",UK,"Product TOONT",Beverages,30,12.00,360.00
10380,"2006-12-12 00:00:00","Customer FRXZL",Ireland,"Product TOONT",Beverages,30,12.00,360.00
10389,"2006-12-20 00:00:00","Customer EEALV",Canada,"Product TOONT",Beverages,30,12.00,360.00
10420,"2007-01-21 00:00:00","Customer SRQVM",Brazil,"Product TOONT",Beverages,8,12.00,96.00
10453,"2007-02-21 00:00:00","Customer HFBZG",UK,"Product TOONT",Beverages,25,12.00,300.00
10476,"2007-03-17 00:00:00","Customer UMTLM",Venezuela,"Product TOONT",Beverages,12,12.00,144.00
10485,"2007-03-25 00:00:00","Customer PSQUZ",Venezuela,"Product TOONT",Beverages,60,12.00,720.00
10506,"2007-04-15 00:00:00","Customer GLLAG",Germany,"Product TOONT",Beverages,14,15.00,210.00
10517,"2007-04-24 00:00:00","Customer GCJSG",UK,"Product TOONT",Beverages,6,15.00,90.00
10538,"2007-05-15 00:00:00","Customer UBHAU",UK,"Product TOONT",Beverages,7,15.00,105.00
10616,"2007-07-31 00:00:00","Customer YSIQX",USA,"Product TOONT",Beverages,15,15.00,225.00
10621,"2007-08-05 00:00:00","Customer LJUCA",UK,"Product TOONT",Beverages,20,15.00,300.00
10640,"2007-08-21 00:00:00","Customer SNXOJ",Germany,"Product TOONT",Beverages,15,15.00,225.00
10659,"2007-09-05 00:00:00","Customer WFIZJ",Brazil,"Product TOONT",Beverages,40,15.00,600.00
10694,"2007-10-06 00:00:00","Customer IRRVL",Germany,"Product TOONT",Beverages,50,15.00,750.00
10697,"2007-10-08 00:00:00","Customer PSQUZ",Venezuela,"Product TOONT",Beverages,30,15.00,450.00
10698,"2007-10-09 00:00:00","Customer THHDP",Austria,"Product TOONT",Beverages,8,15.00,120.00
10707,"2007-10-16 00:00:00","Customer HFBZG",UK,"Product TOONT",Beverages,28,15.00,420.00
10758,"2007-11-28 00:00:00","Customer CCKOT",Switzerland,"Product TOONT",Beverages,40,15.00,600.00
10780,"2007-12-16 00:00:00","Customer XPNIK",Venezuela,"Product TOONT",Beverages,35,15.00,525.00
10810,"2008-01-01 00:00:00","Customer IAIJK",Canada,"Product TOONT",Beverages,5,15.00,75.00
10822,"2008-01-08 00:00:00","Customer EYHKM",USA,"Product TOONT",Beverages,6,15.00,90.00
10824,"2008-01-09 00:00:00","Customer CYZTN",Sweden,"Product TOONT",Beverages,9,15.00,135.00
10842,"2008-01-20 00:00:00","Customer VONTK",Mexico,"Product TOONT",Beverages,12,15.00,180.00
10846,"2008-01-22 00:00:00","Customer SFOGW",Belgium,"Product TOONT",Beverages,30,15.00,450.00
10850,"2008-01-23 00:00:00","Customer NRCSK",France,"Product TOONT",Beverages,30,15.00,450.00
10858,"2008-01-29 00:00:00","Customer EFFTC",France,"Product TOONT",Beverages,4,15.00,60.00
10880,"2008-02-10 00:00:00","Customer CYZTN",Sweden,"Product TOONT",Beverages,50,15.00,750.00
10885,"2008-02-12 00:00:00","Customer SFOGW",Belgium,"Product TOONT",Beverages,30,15.00,450.00
10900,"2008-02-20 00:00:00","Customer SRQVM",Brazil,"Product TOONT",Beverages,3,15.00,45.00
10991,"2008-04-01 00:00:00","Customer IRRVL",Germany,"Product TOONT",Beverages,20,15.00,300.00
11017,"2008-04-13 00:00:00","Customer THHDP",Austria,"Product TOONT",Beverages,30,15.00,450.00
11037,"2008-04-21 00:00:00","Customer KSLQF",Spain,"Product TOONT",Beverages,4,15.00,60.00
11057,"2008-04-29 00:00:00","Customer GCJSG",UK,"Product TOONT",Beverages,3,15.00,45.00
11062,"2008-04-30 00:00:00","Customer LHANT",Italy,"Product TOONT",Beverages,12,15.00,180.00
10280,"2006-08-14 00:00:00","Customer HGVLZ",Sweden,"Product BWRLG",Beverages,30,6.20,186.00
10293,"2006-08-29 00:00:00","Customer VONTK",Mexico,"Product BWRLG",Beverages,6,6.20,37.20
10294,"2006-08-30 00:00:00","Customer NYUHS",USA,"Product BWRLG",Beverages,6,6.20,37.20
10312,"2006-09-23 00:00:00","Customer SNXOJ",Germany,"Product BWRLG",Beverages,10,6.20,62.00
10326,"2006-10-10 00:00:00","Customer QUHWH",Spain,"Product BWRLG",Beverages,50,6.20,310.00
10347,"2006-11-06 00:00:00","Customer KIdPX",Brazil,"Product BWRLG",Beverages,6,6.20,37.20
10363,"2006-11-26 00:00:00","Customer FEVNN",Germany,"Product BWRLG",Beverages,12,6.20,74.40
10436,"2007-02-05 00:00:00","Customer QXVLA",France,"Product BWRLG",Beverages,24,6.20,148.80
10460,"2007-02-28 00:00:00","Customer CYZTN",Sweden,"Product BWRLG",Beverages,4,6.20,24.80
10474,"2007-03-13 00:00:00","Customer AHXHT",Mexico,"Product BWRLG",Beverages,10,6.20,62.00
10490,"2007-03-31 00:00:00","Customer UMTLM",Venezuela,"Product BWRLG",Beverages,36,6.20,223.20
10510,"2007-04-18 00:00:00","Customer LCOUJ",USA,"Product BWRLG",Beverages,36,7.75,279.00
10514,"2007-04-22 00:00:00","Customer THHDP",Austria,"Product BWRLG",Beverages,50,7.75,387.50
10552,"2007-05-29 00:00:00","Customer UMTLM",Venezuela,"Product BWRLG",Beverages,30,7.75,232.50
10557,"2007-06-03 00:00:00","Customer OXFRU",Germany,"Product BWRLG",Beverages,20,7.75,155.00
10572,"2007-06-18 00:00:00","Customer HGVLZ",Sweden,"Product BWRLG",Beverages,15,7.75,116.25
10577,"2007-06-23 00:00:00","Customer EYHKM",USA,"Product BWRLG",Beverages,20,7.75,155.00
10579,"2007-06-25 00:00:00","Customer QXPPT",USA,"Product BWRLG",Beverages,21,7.75,162.75
10581,"2007-06-26 00:00:00","Customer KIdPX",Brazil,"Product BWRLG",Beverages,50,7.75,387.50
10596,"2007-07-11 00:00:00","Customer YBQTI",USA,"Product BWRLG",Beverages,30,7.75,232.50
10613,"2007-07-29 00:00:00","Customer UMTLM",Venezuela,"Product BWRLG",Beverages,40,7.75,310.00
10631,"2007-08-14 00:00:00","Customer XIIWM",France,"Product BWRLG",Beverages,8,7.75,62.00
10634,"2007-08-15 00:00:00","Customer WVFAF",France,"Product BWRLG",Beverages,2,7.75,15.50
10670,"2007-09-16 00:00:00","Customer AZJED",Germany,"Product BWRLG",Beverages,25,7.75,193.75
10682,"2007-09-25 00:00:00","Customer KBUDE",Mexico,"Product BWRLG",Beverages,30,7.75,232.50
10722,"2007-10-29 00:00:00","Customer LCOUJ",USA,"Product BWRLG",Beverages,42,7.75,325.50
10736,"2007-11-11 00:00:00","Customer FRXZL",Ireland,"Product BWRLG",Beverages,20,7.75,155.00
10761,"2007-12-02 00:00:00","Customer NYUHS",USA,"Product BWRLG",Beverages,18,7.75,139.50
10773,"2007-12-11 00:00:00","Customer THHDP",Austria,"Product BWRLG",Beverages,7,7.75,54.25
10785,"2007-12-18 00:00:00","Customer FVXPQ",Venezuela,"Product BWRLG",Beverages,10,7.75,77.50
10786,"2007-12-19 00:00:00","Customer WFIZJ",Brazil,"Product BWRLG",Beverages,42,7.75,325.50
10788,"2007-12-22 00:00:00","Customer IRRVL",Germany,"Product BWRLG",Beverages,40,7.75,310.00
10819,"2008-01-07 00:00:00","Customer PSNMQ",Argentina,"Product BWRLG",Beverages,20,7.75,155.00
10894,"2008-02-18 00:00:00","Customer LCOUJ",USA,"Product BWRLG",Beverages,120,7.75,930.00
10907,"2008-02-25 00:00:00","Customer YSHXL",France,"Product BWRLG",Beverages,14,7.75,108.50
10924,"2008-03-04 00:00:00","Customer HGVLZ",Sweden,"Product BWRLG",Beverages,6,7.75,46.50
10929,"2008-03-05 00:00:00","Customer AZJED",Germany,"Product BWRLG",Beverages,49,7.75,379.75
10932,"2008-03-06 00:00:00","Customer RTXGC",France,"Product BWRLG",Beverages,20,7.75,155.00
10951,"2008-03-16 00:00:00","Customer CCKOT",Switzerland,"Product BWRLG",Beverages,50,7.75,387.50
10955,"2008-03-17 00:00:00","Customer CYZTN",Sweden,"Product BWRLG",Beverages,12,7.75,93.00
10959,"2008-03-18 00:00:00","Customer YJCBX",Brazil,"Product BWRLG",Beverages,20,7.75,155.00
10973,"2008-03-24 00:00:00","Customer EFFTC",France,"Product BWRLG",Beverages,10,7.75,77.50
10975,"2008-03-25 00:00:00","Customer EEALV",Canada,"Product BWRLG",Beverages,10,7.75,77.50
10980,"2008-03-27 00:00:00","Customer CYZTN",Sweden,"Product BWRLG",Beverages,40,7.75,310.00
10998,"2008-04-03 00:00:00","Customer CCFIZ",Poland,"Product BWRLG",Beverages,30,7.75,232.50
11077,"2008-05-06 00:00:00","Customer NYUHS",USA,"Product BWRLG",Beverages,4,7.75,31.00
10267,"2006-07-29 00:00:00","Customer AZJED",Germany,"Product JYGFE",Beverages,15,14.40,216.00
10273,"2006-08-05 00:00:00","Customer IRRVL",Germany,"Product JYGFE",Beverages,33,14.40,475.20
10318,"2006-10-01 00:00:00","Customer LJUCA",UK,"Product JYGFE",Beverages,6,14.40,86.40
10319,"2006-10-02 00:00:00","Customer VONTK",Mexico,"Product JYGFE",Beverages,30,14.40,432.00
10343,"2006-10-31 00:00:00","Customer OXFRU",Germany,"Product JYGFE",Beverages,15,14.40,216.00
10363,"2006-11-26 00:00:00","Customer FEVNN",Germany,"Product JYGFE",Beverages,12,14.40,172.80
10399,"2006-12-31 00:00:00","Customer ZRNDE",Denmark,"Product JYGFE",Beverages,35,14.40,504.00
10413,"2007-01-14 00:00:00","Customer XIIWM",France,"Product JYGFE",Beverages,14,14.40,201.60
10425,"2007-01-24 00:00:00","Customer XIIWM",France,"Product JYGFE",Beverages,20,14.40,288.00
10434,"2007-02-03 00:00:00","Customer CYZTN",Sweden,"Product JYGFE",Beverages,18,14.40,259.20
10475,"2007-03-14 00:00:00","Customer SFOGW",Belgium,"Product JYGFE",Beverages,42,14.40,604.80
10530,"2007-05-08 00:00:00","Customer LOLJO",Austria,"Product JYGFE",Beverages,50,18.00,900.00
10566,"2007-06-12 00:00:00","Customer QXVLA",France,"Product JYGFE",Beverages,10,18.00,180.00
10569,"2007-06-16 00:00:00","Customer NYUHS",USA,"Product JYGFE",Beverages,30,18.00,540.00
10575,"2007-06-20 00:00:00","Customer PZNLA",Germany,"Product JYGFE",Beverages,10,18.00,180.00
10582,"2007-06-27 00:00:00","Customer XHXJV",Germany,"Product JYGFE",Beverages,14,18.00,252.00
10593,"2007-07-09 00:00:00","Customer OXFRU",Germany,"Product JYGFE",Beverages,4,18.00,72.00
10604,"2007-07-18 00:00:00","Customer XYUFB",Portugal,"Product JYGFE",Beverages,10,18.00,180.00
10612,"2007-07-28 00:00:00","Customer LCOUJ",USA,"Product JYGFE",Beverages,80,18.00,1440.00
10630,"2007-08-13 00:00:00","Customer GLLAG",Germany,"Product JYGFE",Beverages,35,18.00,630.00
10665,"2007-09-11 00:00:00","Customer DVFMB",USA,"Product JYGFE",Beverages,10,18.00,180.00
10701,"2007-10-13 00:00:00","Customer FRXZL",Ireland,"Product JYGFE",Beverages,35,18.00,630.00
10702,"2007-10-13 00:00:00","Customer NRZBB",Germany,"Product JYGFE",Beverages,15,18.00,270.00
10732,"2007-11-06 00:00:00","Customer RTXGC",France,"Product JYGFE",Beverages,20,18.00,360.00
10734,"2007-11-07 00:00:00","Customer YJCBX",Brazil,"Product JYGFE",Beverages,20,18.00,360.00
10749,"2007-11-20 00:00:00","Customer LJUCA",UK,"Product JYGFE",Beverages,10,18.00,180.00
10808,"2008-01-01 00:00:00","Customer KZQZT",USA,"Product JYGFE",Beverages,50,18.00,900.00
10837,"2008-01-16 00:00:00","Customer HGVLZ",Sweden,"Product JYGFE",Beverages,21,18.00,378.00
10860,"2008-01-29 00:00:00","Customer USDBG",France,"Product JYGFE",Beverages,20,18.00,360.00
10879,"2008-02-10 00:00:00","Customer XBBVR",Finland,"Product JYGFE",Beverages,10,18.00,180.00
10927,"2008-03-05 00:00:00","Customer EFFTC",France,"Product JYGFE",Beverages,20,18.00,360.00
10928,"2008-03-05 00:00:00","Customer MDLWA",Spain,"Product JYGFE",Beverages,5,18.00,90.00
10961,"2008-03-19 00:00:00","Customer WFIZJ",Brazil,"Product JYGFE",Beverages,60,18.00,1080.00
10962,"2008-03-19 00:00:00","Customer IRRVL",Germany,"Product JYGFE",Beverages,44,18.00,792.00
10986,"2008-03-30 00:00:00","Customer TDKEG",Argentina,"Product JYGFE",Beverages,10,18.00,180.00
10991,"2008-04-01 00:00:00","Customer IRRVL",Germany,"Product JYGFE",Beverages,90,18.00,1620.00
11004,"2008-04-07 00:00:00","Customer JYPSC",Belgium,"Product JYGFE",Beverages,6,18.00,108.00
11050,"2008-04-27 00:00:00","Customer CYZTN",Sweden,"Product JYGFE",Beverages,50,18.00,900.00
11075,"2008-05-06 00:00:00","Customer CCKOT",Switzerland,"Product JYGFE",Beverages,2,18.00,36.00
10289,"2006-08-26 00:00:00","Customer UBHAU",UK,"Product IMEHJ",Condiments,30,8.00,240.00
10405,"2007-01-06 00:00:00","Customer PSQUZ",Venezuela,"Product IMEHJ",Condiments,50,8.00,400.00
10485,"2007-03-25 00:00:00","Customer PSQUZ",Venezuela,"Product IMEHJ",Condiments,20,8.00,160.00
10540,"2007-05-19 00:00:00","Customer IRRVL",Germany,"Product IMEHJ",Condiments,60,10.00,600.00
10591,"2007-07-07 00:00:00","Customer ZRNDE",Denmark,"Product IMEHJ",Condiments,14,10.00,140.00
10702,"2007-10-13 00:00:00","Customer NRZBB",Germany,"Product IMEHJ",Condiments,6,10.00,60.00
10742,"2007-11-14 00:00:00","Customer EEALV",Canada,"Product IMEHJ",Condiments,20,10.00,200.00
10764,"2007-12-03 00:00:00","Customer THHDP",Austria,"Product IMEHJ",Condiments,20,10.00,200.00
10849,"2008-01-23 00:00:00","Customer GLLAG",Germany,"Product IMEHJ",Condiments,49,10.00,490.00
10857,"2008-01-28 00:00:00","Customer HGVLZ",Sweden,"Product IMEHJ",Condiments,30,10.00,300.00
11017,"2008-04-13 00:00:00","Customer THHDP",Austria,"Product IMEHJ",Condiments,25,10.00,250.00
11077,"2008-05-06 00:00:00","Customer NYUHS",USA,"Product IMEHJ",Condiments,4,10.00,40.00
10309,"2006-09-19 00:00:00","Customer FRXZL",Ireland,"Product KSBRM",Condiments,20,17.60,352.00
10326,"2006-10-10 00:00:00","Customer QUHWH",Spain,"Product KSBRM",Condiments,24,17.60,422.40
10336,"2006-10-23 00:00:00","Customer QZURI",Portugal,"Product KSBRM",Condiments,18,17.60,316.80
10339,"2006-10-28 00:00:00","Customer PVDZC",Canada,"Product KSBRM",Condiments,10,17.60,176.00
10344,"2006-11-01 00:00:00","Customer YBQTI",USA,"Product KSBRM",Condiments,35,17.60,616.00
10464,"2007-03-04 00:00:00","Customer XYUFB",Portugal,"Product KSBRM",Condiments,16,17.60,281.60
10511,"2007-04-18 00:00:00","Customer RTXGC",France,"Product KSBRM",Condiments,50,22.00,1100.00
10527,"2007-05-05 00:00:00","Customer IRRVL",Germany,"Product KSBRM",Condiments,50,22.00,1100.00
10533,"2007-05-12 00:00:00","Customer CYZTN",Sweden,"Product KSBRM",Condiments,50,22.00,1100.00
10606,"2007-07-22 00:00:00","Customer YQQWW",Brazil,"Product KSBRM",Condiments,20,22.00,440.00
10635,"2007-08-18 00:00:00","Customer CQRAA",Italy,"Product KSBRM",Condiments,10,22.00,220.00
10636,"2007-08-19 00:00:00","Customer ZHYOS",Finland,"Product KSBRM",Condiments,25,22.00,550.00
10654,"2007-09-02 00:00:00","Customer HGVLZ",Sweden,"Product KSBRM",Condiments,12,22.00,264.00
10704,"2007-10-14 00:00:00","Customer WFIZJ",Brazil,"Product KSBRM",Condiments,6,22.00,132.00
10726,"2007-11-03 00:00:00","Customer RFNQC",UK,"Product KSBRM",Condiments,25,22.00,550.00
10846,"2008-01-22 00:00:00","Customer SFOGW",Belgium,"Product KSBRM",Condiments,21,22.00,462.00
10913,"2008-02-26 00:00:00","Customer WFIZJ",Brazil,"Product KSBRM",Condiments,30,22.00,660.00
10950,"2008-03-16 00:00:00","Customer CQRAA",Italy,"Product KSBRM",Condiments,5,22.00,110.00
11000,"2008-04-06 00:00:00","Customer NYUHS",USA,"Product KSBRM",Condiments,25,22.00,550.00
11077,"2008-05-06 00:00:00","Customer NYUHS",USA,"Product KSBRM",Condiments,1,22.00,22.00
10258,"2006-07-17 00:00:00","Customer THHDP",Austria,"Product EPEIM",Condiments,65,17.00,1105.00
10262,"2006-07-22 00:00:00","Customer NYUHS",USA,"Product EPEIM",Condiments,12,17.00,204.00
10290,"2006-08-27 00:00:00","Customer JUWXK",Brazil,"Product EPEIM",Condiments,20,17.00,340.00
10382,"2006-12-13 00:00:00","Customer THHDP",Austria,"Product EPEIM",Condiments,32,17.00,544.00
10635,"2007-08-18 00:00:00","Customer CQRAA",Italy,"Product EPEIM",Condiments,15,21.35,320.25
10708,"2007-10-17 00:00:00","Customer LCYBZ",USA,"Product EPEIM",Condiments,4,21.35,85.40
10848,"2008-01-23 00:00:00","Customer GYBBY",UK,"Product EPEIM",Condiments,30,21.35,640.50
10958,"2008-03-18 00:00:00","Customer TDKEG",Argentina,"Product EPEIM",Condiments,20,21.35,427.00
11030,"2008-04-17 00:00:00","Customer LCOUJ",USA,"Product EPEIM",Condiments,70,21.35,1494.50
11047,"2008-04-24 00:00:00","Customer RFNQC",UK,"Product EPEIM",Condiments,30,21.35,640.50
10309,"2006-09-19 00:00:00","Customer FRXZL",Ireland,"Product VAIIV",Condiments,30,20.00,600.00
10325,"2006-10-09 00:00:00","Customer GLLAG",Germany,"Product VAIIV",Condiments,6,20.00,120.00
10618,"2007-08-01 00:00:00","Customer PVDZC",Canada,"Product VAIIV",Condiments,70,25.00,1750.00
10734,"2007-11-07 00:00:00","Customer YJCBX",Brazil,"Product VAIIV",Condiments,30,25.00,750.00
10830,"2008-01-13 00:00:00","Customer YQQWW",Brazil,"Product VAIIV",Condiments,6,25.00,150.00
10871,"2008-02-05 00:00:00","Customer RTXGC",France,"Product VAIIV",Condiments,50,25.00,1250.00
10934,"2008-03-09 00:00:00","Customer OXFRU",Germany,"Product VAIIV",Condiments,20,25.00,500.00
10949,"2008-03-13 00:00:00","Customer EEALV",Canada,"Product VAIIV",Condiments,12,25.00,300.00
10952,"2008-03-16 00:00:00","Customer NRZBB",Germany,"Product VAIIV",Condiments,16,25.00,400.00
10989,"2008-03-31 00:00:00","Customer WULWD",Brazil,"Product VAIIV",Condiments,40,25.00,1000.00
11076,"2008-05-06 00:00:00","Customer RTXGC",France,"Product VAIIV",Condiments,20,25.00,500.00
11077,"2008-05-06 00:00:00","Customer NYUHS",USA,"Product VAIIV",Condiments,1,25.00,25.00
10344,"2006-11-01 00:00:00","Customer YBQTI",USA,"Product WVJFP",Condiments,70,32.00,2240.00
10345,"2006-11-04 00:00:00","Customer IRRVL",Germany,"Product WVJFP",Condiments,70,32.00,2240.00
10511,"2007-04-18 00:00:00","Customer RTXGC",France,"Product WVJFP",Condiments,10,40.00,400.00
10522,"2007-04-30 00:00:00","Customer OXFRU",Germany,"Product WVJFP",Condiments,24,40.00,960.00
10695,"2007-10-07 00:00:00","Customer XBBVR",Finland,"Product WVJFP",Condiments,10,40.00,400.00
10709,"2007-10-17 00:00:00","Customer YJCBX",Brazil,"Product WVJFP",Condiments,40,40.00,1600.00
10786,"2007-12-19 00:00:00","Customer WFIZJ",Brazil,"Product WVJFP",Condiments,30,40.00,1200.00
10829,"2008-01-13 00:00:00","Customer LJUCA",UK,"Product WVJFP",Condiments,20,40.00,800.00
10893,"2008-02-18 00:00:00","Customer GLLAG",Germany,"Product WVJFP",Condiments,30,40.00,1200.00
10975,"2008-03-25 00:00:00","Customer EEALV",Canada,"Product WVJFP",Condiments,16,40.00,640.00
10978,"2008-03-26 00:00:00","Customer JYPSC",Belgium,"Product WVJFP",Condiments,20,40.00,800.00
11007,"2008-04-08 00:00:00","Customer QZURI",Portugal,"Product WVJFP",Condiments,30,40.00,1200.00
11077,"2008-05-06 00:00:00","Customer NYUHS",USA,"Product WVJFP",Condiments,2,40.00,80.00
10283,"2006-08-16 00:00:00","Customer XPNIK",Venezuela,"Product KSZOI",Condiments,20,12.40,248.00
10323,"2006-10-07 00:00:00","Customer GLLAG",Germany,"Product KSZOI",Condiments,5,12.40,62.00
10500,"2007-04-09 00:00:00","Customer XIIWM",France,"Product KSZOI",Condiments,12,15.50,186.00
10579,"2007-06-25 00:00:00","Customer QXPPT",USA,"Product KSZOI",Condiments,10,15.50,155.00
10592,"2007-07-08 00:00:00","Customer OXFRU",Germany,"Product KSZOI",Condiments,25,15.50,387.50
10657,"2007-09-04 00:00:00","Customer LCOUJ",USA,"Product KSZOI",Condiments,50,15.50,775.00
10278,"2006-08-12 00:00:00","Customer HGVLZ",Sweden,"Product VJIEO",Condiments,16,15.50,248.00
10284,"2006-08-19 00:00:00","Customer OXFRU",Germany,"Product VJIEO",Condiments,21,15.50,325.50
10291,"2006-08-27 00:00:00","Customer WULWD",Brazil,"Product VJIEO",Condiments,24,15.50,372.00
10351,"2006-11-11 00:00:00","Customer THHDP",Austria,"Product VJIEO",Condiments,77,15.50,1193.50
10411,"2007-01-10 00:00:00","Customer EEALV",Canada,"Product VJIEO",Condiments,40,15.50,620.00
10452,"2007-02-20 00:00:00","Customer LCOUJ",USA,"Product VJIEO",Condiments,100,15.50,1550.00
10469,"2007-03-10 00:00:00","Customer YBQTI",USA,"Product VJIEO",Condiments,2,15.50,31.00
10491,"2007-03-31 00:00:00","Customer XYUFB",Portugal,"Product VJIEO",Condiments,15,15.50,232.50
10518,"2007-04-25 00:00:00","Customer VONTK",Mexico,"Product VJIEO",Condiments,9,19.45,175.05
10551,"2007-05-28 00:00:00","Customer XYUFB",Portugal,"Product VJIEO",Condiments,40,19.45,778.00
10561,"2007-06-06 00:00:00","Customer CYZTN",Sweden,"Product VJIEO",Condiments,10,19.45,194.50
10576,"2007-06-23 00:00:00","Customer VONTK",Mexico,"Product VJIEO",Condiments,21,19.45,408.45
10624,"2007-08-07 00:00:00","Customer NLTYP",USA,"Product VJIEO",Condiments,10,19.45,194.50
10656,"2007-09-04 00:00:00","Customer YSIQX",USA,"Product VJIEO",Condiments,28,19.45,544.60
10676,"2007-09-22 00:00:00","Customer VONTK",Mexico,"Product VJIEO",Condiments,21,19.45,408.45
10691,"2007-10-03 00:00:00","Customer IRRVL",Germany,"Product VJIEO",Condiments,24,19.45,466.80
10721,"2007-10-29 00:00:00","Customer IRRVL",Germany,"Product VJIEO",Condiments,50,19.45,972.50
10745,"2007-11-18 00:00:00","Customer IRRVL",Germany,"Product VJIEO",Condiments,16,19.45,311.20
10796,"2007-12-25 00:00:00","Customer UMTLM",Venezuela,"Product VJIEO",Condiments,10,19.45,194.50
10832,"2008-01-14 00:00:00","Customer XIIWM",France,"Product VJIEO",Condiments,16,19.45,311.20
10944,"2008-03-12 00:00:00","Customer EEALV",Canada,"Product VJIEO",Condiments,18,19.45,350.10
10978,"2008-03-26 00:00:00","Customer JYPSC",Belgium,"Product VJIEO",Condiments,6,19.45,116.70
11034,"2008-04-20 00:00:00","Customer KZQZT",USA,"Product VJIEO",Condiments,12,19.45,233.40
11042,"2008-04-22 00:00:00","Customer JUWXK",Brazil,"Product VJIEO",Condiments,15,19.45,291.75
10418,"2007-01-17 00:00:00","Customer IRRVL",Germany,"Product XYZPE",Condiments,16,22.80,364.80
10440,"2007-02-10 00:00:00","Customer LCOUJ",USA,"Product XYZPE",Condiments,90,22.80,2052.00
10455,"2007-02-24 00:00:00","Customer ZHYOS",Finland,"Product XYZPE",Condiments,25,22.80,570.00
10504,"2007-04-11 00:00:00","Customer YBQTI",USA,"Product XYZPE",Condiments,25,28.50,712.50
10513,"2007-04-22 00:00:00","Customer SNXOJ",Germany,"Product XYZPE",Condiments,15,28.50,427.50
10530,"2007-05-08 00:00:00","Customer LOLJO",Austria,"Product XYZPE",Condiments,20,28.50,570.00
10550,"2007-05-28 00:00:00","Customer KSLQF",Spain,"Product XYZPE",Condiments,10,28.50,285.00
10595,"2007-07-10 00:00:00","Customer THHDP",Austria,"Product XYZPE",Condiments,120,28.50,3420.00
10642,"2007-08-22 00:00:00","Customer JMIKW",Denmark,"Product XYZPE",Condiments,20,28.50,570.00
10716,"2007-10-24 00:00:00","Customer LWGMD",Argentina,"Product XYZPE",Condiments,10,28.50,285.00
10724,"2007-10-30 00:00:00","Customer PVDZC",Canada,"Product XYZPE",Condiments,5,28.50,142.50
10735,"2007-11-10 00:00:00","Customer QXPPT",USA,"Product XYZPE",Condiments,20,28.50,570.00
10769,"2007-12-08 00:00:00","Customer ZRNDE",Denmark,"Product XYZPE",Condiments,20,28.50,570.00
10814,"2008-01-05 00:00:00","Customer NRCSK",France,"Product XYZPE",Condiments,30,28.50,855.00
10880,"2008-02-10 00:00:00","Customer CYZTN",Sweden,"Product XYZPE",Condiments,30,28.50,855.00
10906,"2008-02-25 00:00:00","Customer CCFIZ",Poland,"Product XYZPE",Condiments,15,28.50,427.50
10910,"2008-02-26 00:00:00","Customer XBBVR",Finland,"Product XYZPE",Condiments,5,28.50,142.50
10933,"2008-03-06 00:00:00","Customer LJUCA",UK,"Product XYZPE",Condiments,30,28.50,855.00
10990,"2008-04-01 00:00:00","Customer THHDP",Austria,"Product XYZPE",Condiments,66,28.50,1881.00
10998,"2008-04-03 00:00:00","Customer CCFIZ",Poland,"Product XYZPE",Condiments,7,28.50,199.50
11034,"2008-04-20 00:00:00","Customer KZQZT",USA,"Product XYZPE",Condiments,6,28.50,171.00
11042,"2008-04-22 00:00:00","Customer JUWXK",Brazil,"Product XYZPE",Condiments,4,28.50,114.00
11052,"2008-04-27 00:00:00","Customer IBVRG",Brazil,"Product XYZPE",Condiments,10,28.50,285.00
11058,"2008-04-29 00:00:00","Customer XHXJV",Germany,"Product XYZPE",Condiments,4,28.50,114.00
10278,"2006-08-12 00:00:00","Customer HGVLZ",Sweden,"Product ICKNK",Condiments,8,35.10,280.80
10293,"2006-08-29 00:00:00","Customer VONTK",Mexico,"Product ICKNK",Condiments,5,35.10,175.50
10324,"2006-10-08 00:00:00","Customer LCOUJ",USA,"Product ICKNK",Condiments,80,35.10,2808.00
10379,"2006-12-11 00:00:00","Customer WULWD",Brazil,"Product ICKNK",Condiments,16,35.10,561.60
10402,"2007-01-02 00:00:00","Customer THHDP",Austria,"Product ICKNK",Condiments,65,35.10,2281.50
10429,"2007-01-29 00:00:00","Customer FRXZL",Ireland,"Product ICKNK",Condiments,35,35.10,1228.50
10575,"2007-06-20 00:00:00","Customer PZNLA",Germany,"Product ICKNK",Condiments,6,43.90,263.40
10596,"2007-07-11 00:00:00","Customer YBQTI",USA,"Product ICKNK",Condiments,24,43.90,1053.60
10692,"2007-10-03 00:00:00","Customer NRZBB",Germany,"Product ICKNK",Condiments,20,43.90,878.00
10747,"2007-11-19 00:00:00","Customer LOLJO",Austria,"Product ICKNK",Condiments,9,43.90,395.10
10789,"2007-12-22 00:00:00","Customer WVFAF",France,"Product ICKNK",Condiments,30,43.90,1317.00
10921,"2008-03-03 00:00:00","Customer ZRNDE",Denmark,"Product ICKNK",Condiments,40,43.90,1756.00
10974,"2008-03-25 00:00:00","Customer XOJYP",USA,"Product ICKNK",Condiments,10,43.90,439.00
10977,"2008-03-26 00:00:00","Customer CYZTN",Sweden,"Product ICKNK",Condiments,20,43.90,878.00
10979,"2008-03-26 00:00:00","Customer THHDP",Austria,"Product ICKNK",Condiments,35,43.90,1536.50
11029,"2008-04-16 00:00:00","Customer WNMAF",Switzerland,"Product ICKNK",Condiments,12,43.90,526.80
11041,"2008-04-22 00:00:00","Customer WNMAF",Switzerland,"Product ICKNK",Condiments,30,43.90,1317.00
10250,"2006-07-08 00:00:00","Customer IBVRG",Brazil,"Product XYWBZ",Condiments,15,16.80,252.00
10251,"2006-07-08 00:00:00","Customer NRCSK",France,"Product XYWBZ",Condiments,20,16.80,336.00
10303,"2006-09-11 00:00:00","Customer KSLQF",Spain,"Product XYWBZ",Condiments,30,16.80,504.00
10328,"2006-10-14 00:00:00","Customer XYUFB",Portugal,"Product XYWBZ",Condiments,40,16.80,672.00
10351,"2006-11-11 00:00:00","Customer THHDP",Austria,"Product XYWBZ",Condiments,10,16.80,168.00
10366,"2006-11-28 00:00:00","Customer MDLWA",Spain,"Product XYWBZ",Condiments,5,16.80,84.00
10367,"2006-11-28 00:00:00","Customer ZRNDE",Denmark,"Product XYWBZ",Condiments,15,16.80,252.00
10379,"2006-12-11 00:00:00","Customer WULWD",Brazil,"Product XYWBZ",Condiments,20,16.80,336.00
10401,"2007-01-01 00:00:00","Customer NYUHS",USA,"Product XYWBZ",Condiments,20,16.80,336.00
10447,"2007-02-14 00:00:00","Customer QVEPD",Brazil,"Product XYWBZ",Condiments,35,16.80,588.00
10451,"2007-02-19 00:00:00","Customer IRRVL",Germany,"Product XYWBZ",Condiments,28,16.80,470.40
10493,"2007-04-02 00:00:00","Customer XIIWM",France,"Product XYWBZ",Condiments,15,16.80,252.00
10503,"2007-04-11 00:00:00","Customer FRXZL",Ireland,"Product XYWBZ",Condiments,20,21.05,421.00
10514,"2007-04-22 00:00:00","Customer THHDP",Austria,"Product XYWBZ",Condiments,39,21.05,820.95
10541,"2007-05-19 00:00:00","Customer IBVRG",Brazil,"Product XYWBZ",Condiments,36,21.05,757.80
10580,"2007-06-26 00:00:00","Customer QNIVZ",Germany,"Product XYWBZ",Condiments,30,21.05,631.50
10597,"2007-07-11 00:00:00","Customer LOLJO",Austria,"Product XYWBZ",Condiments,12,21.05,252.60
10638,"2007-08-20 00:00:00","Customer PSQUZ",Venezuela,"Product XYWBZ",Condiments,21,21.05,442.05
10664,"2007-09-10 00:00:00","Customer XYUFB",Portugal,"Product XYWBZ",Condiments,15,21.05,315.75
10666,"2007-09-12 00:00:00","Customer CCKOT",Switzerland,"Product XYWBZ",Condiments,10,21.05,210.50
10671,"2007-09-17 00:00:00","Customer USDBG",France,"Product XYWBZ",Condiments,12,21.05,252.60
10698,"2007-10-09 00:00:00","Customer THHDP",Austria,"Product XYWBZ",Condiments,65,21.05,1368.25
10730,"2007-11-05 00:00:00","Customer RTXGC",France,"Product XYWBZ",Condiments,10,21.05,210.50
10736,"2007-11-11 00:00:00","Customer FRXZL",Ireland,"Product XYWBZ",Condiments,40,21.05,842.00
10765,"2007-12-04 00:00:00","Customer IRRVL",Germany,"Product XYWBZ",Condiments,80,21.05,1684.00
10806,"2007-12-31 00:00:00","Customer NRCSK",France,"Product XYWBZ",Condiments,2,21.05,42.10
10855,"2008-01-27 00:00:00","Customer KZQZT",USA,"Product XYWBZ",Condiments,15,21.05,315.75
10872,"2008-02-05 00:00:00","Customer KSLQF",Spain,"Product XYWBZ",Condiments,21,21.05,442.05
10879,"2008-02-10 00:00:00","Customer XBBVR",Finland,"Product XYWBZ",Condiments,10,21.05,210.50
10884,"2008-02-12 00:00:00","Customer QXPPT",USA,"Product XYWBZ",Condiments,12,21.05,252.60
10903,"2008-02-24 00:00:00","Customer IBVRG",Brazil,"Product XYWBZ",Condiments,21,21.05,442.05
11024,"2008-04-15 00:00:00","Customer RFNQC",UK,"Product XYWBZ",Condiments,21,21.05,442.05
10300,"2006-09-09 00:00:00","Customer CQRAA",Italy,"Product LQMGN",Condiments,30,13.60,408.00
10442,"2007-02-11 00:00:00","Customer THHDP",Austria,"Product LQMGN",Condiments,60,13.60,816.00
10475,"2007-03-14 00:00:00","Customer SFOGW",Belgium,"Product LQMGN",Condiments,60,13.60,816.00
10493,"2007-04-02 00:00:00","Customer XIIWM",France,"Product LQMGN",Condiments,10,13.60,136.00
10532,"2007-05-09 00:00:00","Customer RFNQC",UK,"Product LQMGN",Condiments,24,17.00,408.00
10682,"2007-09-25 00:00:00","Customer KBUDE",Mexico,"Product LQMGN",Condiments,4,17.00,68.00
10774,"2007-12-11 00:00:00","Customer CYZTN",Sweden,"Product LQMGN",Condiments,50,17.00,850.00
11077,"2008-05-06 00:00:00","Customer NYUHS",USA,"Product LQMGN",Condiments,1,17.00,17.00
10256,"2006-07-15 00:00:00","Customer SRQVM",Brazil,"Product LUNZZ",Condiments,12,10.40,124.80
10257,"2006-07-16 00:00:00","Customer UMTLM",Venezuela,"Product LUNZZ",Condiments,15,10.40,156.00
10290,"2006-08-27 00:00:00","Customer JUWXK",Brazil,"Product LUNZZ",Condiments,10,10.40,104.00
10366,"2006-11-28 00:00:00","Customer MDLWA",Spain,"Product LUNZZ",Condiments,5,10.40,52.00
10367,"2006-11-28 00:00:00","Customer ZRNDE",Denmark,"Product LUNZZ",Condiments,7,10.40,72.80
10399,"2006-12-31 00:00:00","Customer ZRNDE",Denmark,"Product LUNZZ",Condiments,14,10.40,145.60
10417,"2007-01-16 00:00:00","Customer JMIKW",Denmark,"Product LUNZZ",Condiments,35,10.40,364.00
10421,"2007-01-21 00:00:00","Customer WULWD",Brazil,"Product LUNZZ",Condiments,10,10.40,104.00
10451,"2007-02-19 00:00:00","Customer IRRVL",Germany,"Product LUNZZ",Condiments,55,10.40,572.00
10483,"2007-03-24 00:00:00","Customer YBQTI",USA,"Product LUNZZ",Condiments,30,10.40,312.00
10491,"2007-03-31 00:00:00","Customer XYUFB",Portugal,"Product LUNZZ",Condiments,7,10.40,72.80
10495,"2007-04-03 00:00:00","Customer IAIJK",Canada,"Product LUNZZ",Condiments,5,10.40,52.00
10497,"2007-04-04 00:00:00","Customer OXFRU",Germany,"Product LUNZZ",Condiments,25,10.40,260.00
10554,"2007-05-30 00:00:00","Customer QNIVZ",Germany,"Product LUNZZ",Condiments,10,13.00,130.00
10577,"2007-06-23 00:00:00","Customer EYHKM",USA,"Product LUNZZ",Condiments,18,13.00,234.00
10587,"2007-07-02 00:00:00","Customer WULWD",Brazil,"Product LUNZZ",Condiments,20,13.00,260.00
10590,"2007-07-07 00:00:00","Customer PVDZC",Canada,"Product LUNZZ",Condiments,60,13.00,780.00
10602,"2007-07-17 00:00:00","Customer ZRNDE",Denmark,"Product LUNZZ",Condiments,5,13.00,65.00
10646,"2007-08-27 00:00:00","Customer FRXZL",Ireland,"Product LUNZZ",Condiments,35,13.00,455.00
10658,"2007-09-05 00:00:00","Customer IRRVL",Germany,"Product LUNZZ",Condiments,70,13.00,910.00
10690,"2007-10-02 00:00:00","Customer IBVRG",Brazil,"Product LUNZZ",Condiments,30,13.00,390.00
10735,"2007-11-10 00:00:00","Customer QXPPT",USA,"Product LUNZZ",Condiments,2,13.00,26.00
10780,"2007-12-16 00:00:00","Customer XPNIK",Venezuela,"Product LUNZZ",Condiments,15,13.00,195.00
10812,"2008-01-02 00:00:00","Customer LHANT",Italy,"Product LUNZZ",Condiments,20,13.00,260.00
10823,"2008-01-09 00:00:00","Customer XPNIK",Venezuela,"Product LUNZZ",Condiments,15,13.00,195.00
10835,"2008-01-15 00:00:00","Customer NRZBB",Germany,"Product LUNZZ",Condiments,2,13.00,26.00
10841,"2008-01-20 00:00:00","Customer SFOGW",Belgium,"Product LUNZZ",Condiments,15,13.00,195.00
10885,"2008-02-12 00:00:00","Customer SFOGW",Belgium,"Product LUNZZ",Condiments,25,13.00,325.00
10886,"2008-02-13 00:00:00","Customer IBVRG",Brazil,"Product LUNZZ",Condiments,40,13.00,520.00
10929,"2008-03-05 00:00:00","Customer AZJED",Germany,"Product LUNZZ",Condiments,15,13.00,195.00
10946,"2008-03-12 00:00:00","Customer ZRNDE",Denmark,"Product LUNZZ",Condiments,40,13.00,520.00
10986,"2008-03-30 00:00:00","Customer TDKEG",Argentina,"Product LUNZZ",Condiments,15,13.00,195.00
10999,"2008-04-03 00:00:00","Customer QNIVZ",Germany,"Product LUNZZ",Condiments,21,13.00,273.00
11000,"2008-04-06 00:00:00","Customer NYUHS",USA,"Product LUNZZ",Condiments,30,13.00,390.00
11015,"2008-04-10 00:00:00","Customer TMXGN",Norway,"Product LUNZZ",Condiments,18,13.00,234.00
11060,"2008-04-30 00:00:00","Customer WMFEA",Italy,"Product LUNZZ",Condiments,10,13.00,130.00
11068,"2008-05-04 00:00:00","Customer WFIZJ",Brazil,"Product LUNZZ",Condiments,28,13.00,364.00
11077,"2008-05-06 00:00:00","Customer NYUHS",USA,"Product LUNZZ",Condiments,2,13.00,26.00
10255,"2006-07-12 00:00:00","Customer CCKOT",Switzerland,"Product PAFRH",Confections,35,13.90,486.50
10263,"2006-07-23 00:00:00","Customer THHDP",Austria,"Product PAFRH",Confections,60,13.90,834.00
10287,"2006-08-22 00:00:00","Customer QVEPD",Brazil,"Product PAFRH",Confections,40,13.90,556.00
10296,"2006-09-03 00:00:00","Customer XPNIK",Venezuela,"Product PAFRH",Confections,30,13.90,417.00
10310,"2006-09-20 00:00:00","Customer LCYBZ",USA,"Product PAFRH",Confections,10,13.90,139.00
10324,"2006-10-08 00:00:00","Customer LCOUJ",USA,"Product PAFRH",Confections,21,13.90,291.90
10359,"2006-11-21 00:00:00","Customer AHPOP",UK,"Product PAFRH",Confections,56,13.90,778.40
10403,"2007-01-03 00:00:00","Customer THHDP",Austria,"Product PAFRH",Confections,21,13.90,291.90
10439,"2007-02-07 00:00:00","Customer PVDZC",Canada,"Product PAFRH",Confections,16,13.90,222.40
10440,"2007-02-10 00:00:00","Customer LCOUJ",USA,"Product PAFRH",Confections,49,13.90,681.10
10454,"2007-02-21 00:00:00","Customer XIIWM",France,"Product PAFRH",Confections,20,13.90,278.00
10469,"2007-03-10 00:00:00","Customer YBQTI",USA,"Product PAFRH",Confections,35,13.90,486.50
10489,"2007-03-28 00:00:00","Customer LOLJO",Austria,"Product PAFRH",Confections,18,13.90,250.20
10515,"2007-04-23 00:00:00","Customer IRRVL",Germany,"Product PAFRH",Confections,50,17.45,872.50
10551,"2007-05-28 00:00:00","Customer XYUFB",Portugal,"Product PAFRH",Confections,40,17.45,698.00
10553,"2007-05-30 00:00:00","Customer ZHYOS",Finland,"Product PAFRH",Confections,14,17.45,244.30
10554,"2007-05-30 00:00:00","Customer QNIVZ",Germany,"Product PAFRH",Confections,30,17.45,523.50
10572,"2007-06-18 00:00:00","Customer HGVLZ",Sweden,"Product PAFRH",Confections,12,17.45,209.40
10605,"2007-07-21 00:00:00","Customer PVDZC",Canada,"Product PAFRH",Confections,30,17.45,523.50
10653,"2007-09-02 00:00:00","Customer AZJED",Germany,"Product PAFRH",Confections,30,17.45,523.50
10671,"2007-09-17 00:00:00","Customer USDBG",France,"Product PAFRH",Confections,10,17.45,174.50
10673,"2007-09-18 00:00:00","Customer XBBVR",Finland,"Product PAFRH",Confections,3,17.45,52.35
10680,"2007-09-24 00:00:00","Customer KZQZT",USA,"Product PAFRH",Confections,50,17.45,872.50
10706,"2007-10-16 00:00:00","Customer KZQZT",USA,"Product PAFRH",Confections,20,17.45,349.00
10718,"2007-10-27 00:00:00","Customer GLLAG",Germany,"Product PAFRH",Confections,20,17.45,349.00
10730,"2007-11-05 00:00:00","Customer RTXGC",France,"Product PAFRH",Confections,15,17.45,261.75
10738,"2007-11-12 00:00:00","Customer YSHXL",France,"Product PAFRH",Confections,3,17.45,52.35
10779,"2007-12-16 00:00:00","Customer PZNLA",Germany,"Product PAFRH",Confections,20,17.45,349.00
10795,"2007-12-24 00:00:00","Customer THHDP",Austria,"Product PAFRH",Confections,65,17.45,1134.25
10855,"2008-01-27 00:00:00","Customer KZQZT",USA,"Product PAFRH",Confections,50,17.45,872.50
10871,"2008-02-05 00:00:00","Customer RTXGC",France,"Product PAFRH",Confections,12,17.45,209.40
10877,"2008-02-09 00:00:00","Customer QVEPD",Brazil,"Product PAFRH",Confections,30,17.45,523.50
10909,"2008-02-26 00:00:00","Customer TMXGN",Norway,"Product PAFRH",Confections,15,17.45,261.75
10916,"2008-02-27 00:00:00","Customer LWGMD",Argentina,"Product PAFRH",Confections,6,17.45,104.70
10919,"2008-03-02 00:00:00","Customer PSQUZ",Venezuela,"Product PAFRH",Confections,24,17.45,418.80
10932,"2008-03-06 00:00:00","Customer RTXGC",France,"Product PAFRH",Confections,30,17.45,523.50
10954,"2008-03-17 00:00:00","Customer PSQUZ",Venezuela,"Product PAFRH",Confections,28,17.45,488.60
10984,"2008-03-30 00:00:00","Customer LCOUJ",USA,"Product PAFRH",Confections,55,17.45,959.75
10985,"2008-03-30 00:00:00","Customer FRXZL",Ireland,"Product PAFRH",Confections,36,17.45,628.20
11066,"2008-05-01 00:00:00","Customer YBQTI",USA,"Product PAFRH",Confections,3,17.45,52.35
11070,"2008-05-05 00:00:00","Customer OXFRU",Germany,"Product PAFRH",Confections,30,17.45,523.50
11074,"2008-05-06 00:00:00","Customer JMIKW",Denmark,"Product PAFRH",Confections,14,17.45,244.30
11077,"2008-05-06 00:00:00","Customer NYUHS",USA,"Product PAFRH",Confections,2,17.45,34.90
10281,"2006-08-14 00:00:00","Customer SIUIH",Spain,"Product XKXDO",Confections,1,7.30,7.30
10283,"2006-08-16 00:00:00","Customer XPNIK",Venezuela,"Product XKXDO",Confections,18,7.30,131.40
10299,"2006-09-06 00:00:00","Customer QVEPD",Brazil,"Product XKXDO",Confections,15,7.30,109.50
10329,"2006-10-15 00:00:00","Customer XOJYP",USA,"Product XKXDO",Confections,10,7.30,73.00
10345,"2006-11-04 00:00:00","Customer IRRVL",Germany,"Product XKXDO",Confections,80,7.30,584.00
10414,"2007-01-14 00:00:00","Customer KIdPX",Brazil,"Product XKXDO",Confections,18,7.30,131.40
10416,"2007-01-16 00:00:00","Customer ZHYOS",Finland,"Product XKXDO",Confections,20,7.30,146.00
10421,"2007-01-21 00:00:00","Customer WULWD",Brazil,"Product XKXDO",Confections,4,7.30,29.20
10438,"2007-02-06 00:00:00","Customer FAPSM",Germany,"Product XKXDO",Confections,15,7.30,109.50
10446,"2007-02-14 00:00:00","Customer FAPSM",Germany,"Product XKXDO",Confections,12,7.30,87.60
10447,"2007-02-14 00:00:00","Customer QVEPD",Brazil,"Product XKXDO",Confections,40,7.30,292.00
10463,"2007-03-04 00:00:00","Customer SFOGW",Belgium,"Product XKXDO",Confections,21,7.30,153.30
10487,"2007-03-26 00:00:00","Customer WFIZJ",Brazil,"Product XKXDO",Confections,5,7.30,36.50
10550,"2007-05-28 00:00:00","Customer KSLQF",Spain,"Product XKXDO",Confections,10,9.20,92.00
10555,"2007-06-02 00:00:00","Customer LCOUJ",USA,"Product XKXDO",Confections,35,9.20,322.00
10621,"2007-08-05 00:00:00","Customer LJUCA",UK,"Product XKXDO",Confections,5,9.20,46.00
10623,"2007-08-07 00:00:00","Customer AZJED",Germany,"Product XKXDO",Confections,15,9.20,138.00
10647,"2007-08-27 00:00:00","Customer WULWD",Brazil,"Product XKXDO",Confections,30,9.20,276.00
10651,"2007-09-01 00:00:00","Customer SNXOJ",Germany,"Product XKXDO",Confections,12,9.20,110.40
10676,"2007-09-22 00:00:00","Customer VONTK",Mexico,"Product XKXDO",Confections,7,9.20,64.40
10681,"2007-09-25 00:00:00","Customer YSIQX",USA,"Product XKXDO",Confections,30,9.20,276.00
10697,"2007-10-08 00:00:00","Customer PSQUZ",Venezuela,"Product XKXDO",Confections,7,9.20,64.40
10710,"2007-10-20 00:00:00","Customer WMFEA",Italy,"Product XKXDO",Confections,5,9.20,46.00
10711,"2007-10-21 00:00:00","Customer LCOUJ",USA,"Product XKXDO",Confections,12,9.20,110.40
10788,"2007-12-22 00:00:00","Customer IRRVL",Germany,"Product XKXDO",Confections,50,9.20,460.00
10803,"2007-12-30 00:00:00","Customer SRQVM",Brazil,"Product XKXDO",Confections,24,9.20,220.80
10811,"2008-01-02 00:00:00","Customer PSQUZ",Venezuela,"Product XKXDO",Confections,15,9.20,138.00
10831,"2008-01-14 00:00:00","Customer TMXGN",Norway,"Product XKXDO",Confections,2,9.20,18.40
10847,"2008-01-22 00:00:00","Customer LCOUJ",USA,"Product XKXDO",Confections,12,9.20,110.40
10875,"2008-02-06 00:00:00","Customer HGVLZ",Sweden,"Product XKXDO",Confections,25,9.20,230.00
10910,"2008-02-26 00:00:00","Customer XBBVR",Finland,"Product XKXDO",Confections,12,9.20,110.40
10926,"2008-03-04 00:00:00","Customer MLTDN",Mexico,"Product XKXDO",Confections,7,9.20,64.40
10967,"2008-03-23 00:00:00","Customer FAPSM",Germany,"Product XKXDO",Confections,12,9.20,110.40
11012,"2008-04-09 00:00:00","Customer AZJED",Germany,"Product XKXDO",Confections,50,9.20,460.00
11022,"2008-04-14 00:00:00","Customer IBVRG",Brazil,"Product XKXDO",Confections,35,9.20,322.00
11066,"2008-05-01 00:00:00","Customer YBQTI",USA,"Product XKXDO",Confections,42,9.20,386.40
11076,"2008-05-06 00:00:00","Customer RTXGC",France,"Product XKXDO",Confections,10,9.20,92.00
10252,"2006-07-09 00:00:00","Customer SFOGW",Belgium,"Product QHFFP",Confections,40,64.80,2592.00
10272,"2006-08-02 00:00:00","Customer NYUHS",USA,"Product QHFFP",Confections,6,64.80,388.80
10292,"2006-08-28 00:00:00","Customer YQQWW",Brazil,"Product QHFFP",Confections,20,64.80,1296.00
10372,"2006-12-04 00:00:00","Customer WFIZJ",Brazil,"Product QHFFP",Confections,12,64.80,777.60
10384,"2006-12-16 00:00:00","Customer HGVLZ",Sweden,"Product QHFFP",Confections,28,64.80,1814.40
10514,"2007-04-22 00:00:00","Customer THHDP",Austria,"Product QHFFP",Confections,39,81.00,3159.00
10523,"2007-05-01 00:00:00","Customer AHPOP",UK,"Product QHFFP",Confections,15,81.00,1215.00
10593,"2007-07-09 00:00:00","Customer OXFRU",Germany,"Product QHFFP",Confections,21,81.00,1701.00
10660,"2007-09-08 00:00:00","Customer LVJSO",USA,"Product QHFFP",Confections,21,81.00,1701.00
10828,"2008-01-13 00:00:00","Customer LWGMD",Argentina,"Product QHFFP",Confections,5,81.00,405.00
10878,"2008-02-10 00:00:00","Customer IRRVL",Germany,"Product QHFFP",Confections,20,81.00,1620.00
10927,"2008-03-05 00:00:00","Customer EFFTC",France,"Product QHFFP",Confections,5,81.00,405.00
10953,"2008-03-16 00:00:00","Customer HFBZG",UK,"Product QHFFP",Confections,50,81.00,4050.00
10986,"2008-03-30 00:00:00","Customer TDKEG",Argentina,"Product QHFFP",Confections,15,81.00,1215.00
11021,"2008-04-14 00:00:00","Customer IRRVL",Germany,"Product QHFFP",Confections,15,81.00,1215.00
11077,"2008-05-06 00:00:00","Customer NYUHS",USA,"Product QHFFP",Confections,1,81.00,81.00
10259,"2006-07-18 00:00:00","Customer VMLOG",Mexico,"Product VJZZH",Confections,10,8.00,80.00
10261,"2006-07-19 00:00:00","Customer WULWD",Brazil,"Product VJZZH",Confections,20,8.00,160.00
10333,"2006-10-18 00:00:00","Customer ZHYOS",Finland,"Product VJZZH",Confections,10,8.00,80.00
10368,"2006-11-29 00:00:00","Customer THHDP",Austria,"Product VJZZH",Confections,5,8.00,40.00
10397,"2006-12-27 00:00:00","Customer QZURI",Portugal,"Product VJZZH",Confections,10,8.00,80.00
10406,"2007-01-07 00:00:00","Customer WFIZJ",Brazil,"Product VJZZH",Confections,30,8.00,240.00
10409,"2007-01-09 00:00:00","Customer TDKEG",Argentina,"Product VJZZH",Confections,12,8.00,96.00
10430,"2007-01-30 00:00:00","Customer THHDP",Austria,"Product VJZZH",Confections,50,8.00,400.00
10456,"2007-02-25 00:00:00","Customer GLLAG",Germany,"Product VJZZH",Confections,40,8.00,320.00
10461,"2007-02-28 00:00:00","Customer XPNIK",Venezuela,"Product VJZZH",Confections,40,8.00,320.00
10477,"2007-03-17 00:00:00","Customer QZURI",Portugal,"Product VJZZH",Confections,21,8.00,168.00
10484,"2007-03-24 00:00:00","Customer UBHAU",UK,"Product VJZZH",Confections,14,8.00,112.00
10504,"2007-04-11 00:00:00","Customer YBQTI",USA,"Product VJZZH",Confections,12,10.00,120.00
10513,"2007-04-22 00:00:00","Customer SNXOJ",Germany,"Product VJZZH",Confections,40,10.00,400.00
10539,"2007-05-16 00:00:00","Customer UBHAU",UK,"Product VJZZH",Confections,15,10.00,150.00
10550,"2007-05-28 00:00:00","Customer KSLQF",Spain,"Product VJZZH",Confections,6,10.00,60.00
10609,"2007-07-24 00:00:00","Customer BSVAR",France,"Product VJZZH",Confections,6,10.00,60.00
10614,"2007-07-29 00:00:00","Customer XHXJV",Germany,"Product VJZZH",Confections,8,10.00,80.00
10619,"2007-08-04 00:00:00","Customer PVDZC",Canada,"Product VJZZH",Confections,42,10.00,420.00
10623,"2007-08-07 00:00:00","Customer AZJED",Germany,"Product VJZZH",Confections,25,10.00,250.00
10642,"2007-08-22 00:00:00","Customer JMIKW",Denmark,"Product VJZZH",Confections,30,10.00,300.00
10658,"2007-09-05 00:00:00","Customer IRRVL",Germany,"Product VJZZH",Confections,60,10.00,600.00
10681,"2007-09-25 00:00:00","Customer YSIQX",USA,"Product VJZZH",Confections,12,10.00,120.00
10716,"2007-10-24 00:00:00","Customer LWGMD",Argentina,"Product VJZZH",Confections,5,10.00,50.00
10717,"2007-10-24 00:00:00","Customer AZJED",Germany,"Product VJZZH",Confections,32,10.00,320.00
10729,"2007-11-04 00:00:00","Customer PSQUZ",Venezuela,"Product VJZZH",Confections,30,10.00,300.00
10731,"2007-11-06 00:00:00","Customer WNMAF",Switzerland,"Product VJZZH",Confections,40,10.00,400.00
10763,"2007-12-03 00:00:00","Customer WVFAF",France,"Product VJZZH",Confections,40,10.00,400.00
10861,"2008-01-30 00:00:00","Customer YBQTI",USA,"Product VJZZH",Confections,40,10.00,400.00
10873,"2008-02-06 00:00:00","Customer XBBVR",Finland,"Product VJZZH",Confections,20,10.00,200.00
10884,"2008-02-12 00:00:00","Customer QXPPT",USA,"Product VJZZH",Confections,40,10.00,400.00
10929,"2008-03-05 00:00:00","Customer AZJED",Germany,"Product VJZZH",Confections,60,10.00,600.00
10930,"2008-03-06 00:00:00","Customer SFOGW",Belgium,"Product VJZZH",Confections,36,10.00,360.00
10956,"2008-03-17 00:00:00","Customer XHXJV",Germany,"Product VJZZH",Confections,12,10.00,120.00
10978,"2008-03-26 00:00:00","Customer JYPSC",Belgium,"Product VJZZH",Confections,40,10.00,400.00
10990,"2008-04-01 00:00:00","Customer THHDP",Austria,"Product VJZZH",Confections,65,10.00,650.00
11034,"2008-04-20 00:00:00","Customer KZQZT",USA,"Product VJZZH",Confections,15,10.00,150.00
11040,"2008-04-22 00:00:00","Customer YSIQX",USA,"Product VJZZH",Confections,20,10.00,200.00
11058,"2008-04-29 00:00:00","Customer XHXJV",Germany,"Product VJZZH",Confections,3,10.00,30.00
10323,"2006-10-07 00:00:00","Customer GLLAG",Germany,"Product LYLNI",Confections,4,11.20,44.80
10347,"2006-11-06 00:00:00","Customer KIdPX",Brazil,"Product LYLNI",Confections,10,11.20,112.00
10362,"2006-11-25 00:00:00","Customer RTXGC",France,"Product LYLNI",Confections,50,11.20,560.00
10393,"2006-12-25 00:00:00","Customer LCOUJ",USA,"Product LYLNI",Confections,7,11.20,78.40
10467,"2007-03-06 00:00:00","Customer CQRAA",Italy,"Product LYLNI",Confections,12,11.20,134.40
10492,"2007-04-01 00:00:00","Customer EEALV",Canada,"Product LYLNI",Confections,60,11.20,672.00
10506,"2007-04-15 00:00:00","Customer GLLAG",Germany,"Product LYLNI",Confections,18,14.00,252.00
10760,"2007-12-01 00:00:00","Customer JYPSC",Belgium,"Product LYLNI",Confections,12,14.00,168.00
10761,"2007-12-02 00:00:00","Customer NYUHS",USA,"Product LYLNI",Confections,35,14.00,490.00
10803,"2007-12-30 00:00:00","Customer SRQVM",Brazil,"Product LYLNI",Confections,15,14.00,210.00
10810,"2008-01-01 00:00:00","Customer IAIJK",Canada,"Product LYLNI",Confections,5,14.00,70.00
10832,"2008-01-14 00:00:00","Customer XIIWM",France,"Product LYLNI",Confections,10,14.00,140.00
10840,"2008-01-19 00:00:00","Customer PSQUZ",Venezuela,"Product LYLNI",Confections,6,14.00,84.00
10850,"2008-01-23 00:00:00","Customer NRCSK",France,"Product LYLNI",Confections,20,14.00,280.00
10851,"2008-01-26 00:00:00","Customer QVEPD",Brazil,"Product LYLNI",Confections,10,14.00,140.00
10887,"2008-02-13 00:00:00","Customer MDLWA",Spain,"Product LYLNI",Confections,5,14.00,70.00
10919,"2008-03-02 00:00:00","Customer PSQUZ",Venezuela,"Product LYLNI",Confections,24,14.00,336.00
11055,"2008-04-28 00:00:00","Customer UMTLM",Venezuela,"Product LYLNI",Confections,15,14.00,210.00
10330,"2006-10-16 00:00:00","Customer XPNIK",Venezuela,"Product HLGZA",Confections,50,24.90,1245.00
10337,"2006-10-24 00:00:00","Customer AZJED",Germany,"Product HLGZA",Confections,24,24.90,597.60
10357,"2006-11-19 00:00:00","Customer XPNIK",Venezuela,"Product HLGZA",Confections,16,24.90,398.40
10393,"2006-12-25 00:00:00","Customer LCOUJ",USA,"Product HLGZA",Confections,70,24.90,1743.00
10404,"2007-01-03 00:00:00","Customer CQRAA",Italy,"Product HLGZA",Confections,30,24.90,747.00
10421,"2007-01-21 00:00:00","Customer WULWD",Brazil,"Product HLGZA",Confections,30,24.90,747.00
10422,"2007-01-22 00:00:00","Customer WMFEA",Italy,"Product HLGZA",Confections,2,24.90,49.80
10432,"2007-01-31 00:00:00","Customer XOJYP",USA,"Product HLGZA",Confections,10,24.90,249.00
10444,"2007-02-12 00:00:00","Customer HGVLZ",Sweden,"Product HLGZA",Confections,15,24.90,373.50
10448,"2007-02-17 00:00:00","Customer LWGMD",Argentina,"Product HLGZA",Confections,6,24.90,149.40
10458,"2007-02-26 00:00:00","Customer SFOGW",Belgium,"Product HLGZA",Confections,30,24.90,747.00
10487,"2007-03-26 00:00:00","Customer WFIZJ",Brazil,"Product HLGZA",Confections,30,24.90,747.00
10540,"2007-05-19 00:00:00","Customer IRRVL",Germany,"Product HLGZA",Confections,40,31.23,1249.20
10587,"2007-07-02 00:00:00","Customer WULWD",Brazil,"Product HLGZA",Confections,6,31.23,187.38
10592,"2007-07-08 00:00:00","Customer OXFRU",Germany,"Product HLGZA",Confections,5,31.23,156.15
10633,"2007-08-15 00:00:00","Customer THHDP",Austria,"Product HLGZA",Confections,35,31.23,1093.05
10677,"2007-09-22 00:00:00","Customer KBUDE",Mexico,"Product HLGZA",Confections,30,31.23,936.90
10686,"2007-09-30 00:00:00","Customer LOLJO",Austria,"Product HLGZA",Confections,15,31.23,468.45
10713,"2007-10-22 00:00:00","Customer LCOUJ",USA,"Product HLGZA",Confections,30,31.23,936.90
10723,"2007-10-30 00:00:00","Customer YBQTI",USA,"Product HLGZA",Confections,15,31.23,468.45
10751,"2007-11-24 00:00:00","Customer CCKOT",Switzerland,"Product HLGZA",Confections,12,31.23,374.76
10758,"2007-11-28 00:00:00","Customer CCKOT",Switzerland,"Product HLGZA",Confections,20,31.23,624.60
10796,"2007-12-25 00:00:00","Customer UMTLM",Venezuela,"Product HLGZA",Confections,21,31.23,655.83
10817,"2008-01-06 00:00:00","Customer GLLAG",Germany,"Product HLGZA",Confections,40,31.23,1249.20
10825,"2008-01-09 00:00:00","Customer FEVNN",Germany,"Product HLGZA",Confections,12,31.23,374.76
10849,"2008-01-23 00:00:00","Customer GLLAG",Germany,"Product HLGZA",Confections,18,31.23,562.14
10857,"2008-01-28 00:00:00","Customer HGVLZ",Sweden,"Product HLGZA",Confections,35,31.23,1093.05
10868,"2008-02-04 00:00:00","Customer WFIZJ",Brazil,"Product HLGZA",Confections,20,31.23,624.60
10973,"2008-03-24 00:00:00","Customer EFFTC",France,"Product HLGZA",Confections,5,31.23,156.15
11004,"2008-04-07 00:00:00","Customer JYPSC",Belgium,"Product HLGZA",Confections,6,31.23,187.38
11021,"2008-04-14 00:00:00","Customer IRRVL",Germany,"Product HLGZA",Confections,63,31.23,1967.49
11024,"2008-04-15 00:00:00","Customer RFNQC",UK,"Product HLGZA",Confections,12,31.23,374.76
10257,"2006-07-16 00:00:00","Customer UMTLM",Venezuela,"Product SMIOH",Confections,25,35.10,877.50
10284,"2006-08-19 00:00:00","Customer OXFRU",Germany,"Product SMIOH",Confections,15,35.10,526.50
10441,"2007-02-10 00:00:00","Customer KZQZT",USA,"Product SMIOH",Confections,50,35.10,1755.00
10515,"2007-04-23 00:00:00","Customer IRRVL",Germany,"Product SMIOH",Confections,120,43.90,5268.00
10598,"2007-07-14 00:00:00","Customer NYUHS",USA,"Product SMIOH",Confections,50,43.90,2195.00
10760,"2007-12-01 00:00:00","Customer JYPSC",Belgium,"Product SMIOH",Confections,40,43.90,1756.00
10858,"2008-01-29 00:00:00","Customer EFFTC",France,"Product SMIOH",Confections,10,43.90,439.00
10930,"2008-03-06 00:00:00","Customer SFOGW",Belgium,"Product SMIOH",Confections,25,43.90,1097.50
10979,"2008-03-26 00:00:00","Customer THHDP",Austria,"Product SMIOH",Confections,30,43.90,1317.00
10332,"2006-10-17 00:00:00","Customer PVDZC",Canada,"Product EZZPR",Confections,16,7.60,121.60
10418,"2007-01-17 00:00:00","Customer IRRVL",Germany,"Product EZZPR",Confections,55,7.60,418.00
10431,"2007-01-30 00:00:00","Customer EEALV",Canada,"Product EZZPR",Confections,30,7.60,228.00
10480,"2007-03-20 00:00:00","Customer WVFAF",France,"Product EZZPR",Confections,30,7.60,228.00
10512,"2007-04-21 00:00:00","Customer KIdPX",Brazil,"Product EZZPR",Confections,6,9.50,57.00
10558,"2007-06-04 00:00:00","Customer HFBZG",UK,"Product EZZPR",Confections,25,9.50,237.50
10585,"2007-07-01 00:00:00","Customer SRQVM",Brazil,"Product EZZPR",Confections,15,9.50,142.50
10656,"2007-09-04 00:00:00","Customer YSIQX",USA,"Product EZZPR",Confections,6,9.50,57.00
10657,"2007-09-04 00:00:00","Customer LCOUJ",USA,"Product EZZPR",Confections,10,9.50,95.00
10684,"2007-09-26 00:00:00","Customer QNIVZ",Germany,"Product EZZPR",Confections,40,9.50,380.00
10685,"2007-09-29 00:00:00","Customer YJCBX",Brazil,"Product EZZPR",Confections,15,9.50,142.50
10699,"2007-10-09 00:00:00","Customer PZNLA",Germany,"Product EZZPR",Confections,12,9.50,114.00
10710,"2007-10-20 00:00:00","Customer WMFEA",Italy,"Product EZZPR",Confections,5,9.50,47.50
10714,"2007-10-22 00:00:00","Customer LCOUJ",USA,"Product EZZPR",Confections,50,9.50,475.00
10755,"2007-11-26 00:00:00","Customer RTXGC",France,"Product EZZPR",Confections,30,9.50,285.00
10762,"2007-12-02 00:00:00","Customer CYZTN",Sweden,"Product EZZPR",Confections,30,9.50,285.00
10837,"2008-01-16 00:00:00","Customer HGVLZ",Sweden,"Product EZZPR",Confections,40,9.50,380.00
10875,"2008-02-06 00:00:00","Customer HGVLZ",Sweden,"Product EZZPR",Confections,21,9.50,199.50
10928,"2008-03-05 00:00:00","Customer MDLWA",Spain,"Product EZZPR",Confections,5,9.50,47.50
10956,"2008-03-17 00:00:00","Customer XHXJV",Germany,"Product EZZPR",Confections,14,9.50,133.00
10977,"2008-03-26 00:00:00","Customer CYZTN",Sweden,"Product EZZPR",Confections,30,9.50,285.00
10403,"2007-01-03 00:00:00","Customer THHDP",Austria,"Product MYNXN",Confections,70,10.20,714.00
10453,"2007-02-21 00:00:00","Customer HFBZG",UK,"Product MYNXN",Confections,15,10.20,153.00
10507,"2007-04-15 00:00:00","Customer KBUDE",Mexico,"Product MYNXN",Confections,15,12.75,191.25
10604,"2007-07-18 00:00:00","Customer XYUFB",Portugal,"Product MYNXN",Confections,6,12.75,76.50
10704,"2007-10-14 00:00:00","Customer WFIZJ",Brazil,"Product MYNXN",Confections,24,12.75,306.00
10814,"2008-01-05 00:00:00","Customer NRCSK",France,"Product MYNXN",Confections,8,12.75,102.00
10253,"2006-07-10 00:00:00","Customer IBVRG",Brazil,"Product FPYPN",Confections,40,16.00,640.00
10290,"2006-08-27 00:00:00","Customer JUWXK",Brazil,"Product FPYPN",Confections,15,16.00,240.00
10304,"2006-09-12 00:00:00","Customer VONTK",Mexico,"Product FPYPN",Confections,30,16.00,480.00
10360,"2006-11-22 00:00:00","Customer QXVLA",France,"Product FPYPN",Confections,35,16.00,560.00
10400,"2007-01-01 00:00:00","Customer RFNQC",UK,"Product FPYPN",Confections,30,16.00,480.00
10404,"2007-01-03 00:00:00","Customer CQRAA",Italy,"Product FPYPN",Confections,30,16.00,480.00
10456,"2007-02-25 00:00:00","Customer GLLAG",Germany,"Product FPYPN",Confections,21,16.00,336.00
10481,"2007-03-20 00:00:00","Customer QVEPD",Brazil,"Product FPYPN",Confections,24,16.00,384.00
10499,"2007-04-08 00:00:00","Customer XPNIK",Venezuela,"Product FPYPN",Confections,25,20.00,500.00
10539,"2007-05-16 00:00:00","Customer UBHAU",UK,"Product FPYPN",Confections,6,20.00,120.00
10603,"2007-07-18 00:00:00","Customer LCOUJ",USA,"Product FPYPN",Confections,25,20.00,500.00
10612,"2007-07-28 00:00:00","Customer LCOUJ",USA,"Product FPYPN",Confections,18,20.00,360.00
10804,"2007-12-30 00:00:00","Customer AHPOP",UK,"Product FPYPN",Confections,4,20.00,80.00
10868,"2008-02-04 00:00:00","Customer WFIZJ",Brazil,"Product FPYPN",Confections,42,20.00,840.00
10875,"2008-02-06 00:00:00","Customer HGVLZ",Sweden,"Product FPYPN",Confections,15,20.00,300.00
10882,"2008-02-11 00:00:00","Customer LCOUJ",USA,"Product FPYPN",Confections,20,20.00,400.00
10910,"2008-02-26 00:00:00","Customer XBBVR",Finland,"Product FPYPN",Confections,10,20.00,200.00
10942,"2008-03-11 00:00:00","Customer LHANT",Italy,"Product FPYPN",Confections,28,20.00,560.00
10967,"2008-03-23 00:00:00","Customer FAPSM",Germany,"Product FPYPN",Confections,40,20.00,800.00
11019,"2008-04-13 00:00:00","Customer LWGMD",Argentina,"Product FPYPN",Confections,2,20.00,40.00
11039,"2008-04-21 00:00:00","Customer PSQUZ",Venezuela,"Product FPYPN",Confections,60,20.00,1200.00
10350,"2006-11-11 00:00:00","Customer XIIWM",France,"Product BIUDV",Confections,15,13.00,195.00
10383,"2006-12-16 00:00:00","Customer HFBZG",UK,"Product BIUDV",Confections,15,13.00,195.00
10429,"2007-01-29 00:00:00","Customer FRXZL",Ireland,"Product BIUDV",Confections,40,13.00,520.00
10465,"2007-03-05 00:00:00","Customer ZRNDE",Denmark,"Product BIUDV",Confections,25,13.00,325.00
10637,"2007-08-19 00:00:00","Customer WFIZJ",Brazil,"Product BIUDV",Confections,25,16.25,406.25
10729,"2007-11-04 00:00:00","Customer PSQUZ",Venezuela,"Product BIUDV",Confections,40,16.25,650.00
10751,"2007-11-24 00:00:00","Customer CCKOT",Switzerland,"Product BIUDV",Confections,20,16.25,325.00
10920,"2008-03-03 00:00:00","Customer HFBZG",UK,"Product BIUDV",Confections,24,16.25,390.00
10948,"2008-03-13 00:00:00","Customer KSLQF",Spain,"Product BIUDV",Confections,9,16.25,146.25
11072,"2008-05-05 00:00:00","Customer THHDP",Austria,"Product BIUDV",Confections,22,16.25,357.50
10260,"2006-07-19 00:00:00","Customer QNIVZ",Germany,"Product WUXYK",Confections,15,39.40,591.00
10277,"2006-08-09 00:00:00","Customer PZNLA",Germany,"Product WUXYK",Confections,12,39.40,472.80
10286,"2006-08-21 00:00:00","Customer IRRVL",Germany,"Product WUXYK",Confections,40,39.40,1576.00
10298,"2006-09-05 00:00:00","Customer FRXZL",Ireland,"Product WUXYK",Confections,15,39.40,591.00
10307,"2006-09-17 00:00:00","Customer DVFMB",USA,"Product WUXYK",Confections,10,39.40,394.00
10310,"2006-09-20 00:00:00","Customer LCYBZ",USA,"Product WUXYK",Confections,5,39.40,197.00
10314,"2006-09-25 00:00:00","Customer NYUHS",USA,"Product WUXYK",Confections,25,39.40,985.00
10316,"2006-09-27 00:00:00","Customer NYUHS",USA,"Product WUXYK",Confections,70,39.40,2758.00
10339,"2006-10-28 00:00:00","Customer PVDZC",Canada,"Product WUXYK",Confections,28,39.40,1103.20
10389,"2006-12-20 00:00:00","Customer EEALV",Canada,"Product WUXYK",Confections,20,39.40,788.00
10394,"2006-12-25 00:00:00","Customer LVJSO",USA,"Product WUXYK",Confections,10,39.40,394.00
10408,"2007-01-08 00:00:00","Customer WVFAF",France,"Product WUXYK",Confections,35,39.40,1379.00
10413,"2007-01-14 00:00:00","Customer XIIWM",France,"Product WUXYK",Confections,40,39.40,1576.00
10449,"2007-02-18 00:00:00","Customer QXVLA",France,"Product WUXYK",Confections,35,39.40,1379.00
10505,"2007-04-14 00:00:00","Customer PVDZC",Canada,"Product WUXYK",Confections,3,49.30,147.90
10546,"2007-05-23 00:00:00","Customer NRCSK",France,"Product WUXYK",Confections,40,49.30,1972.00
10554,"2007-05-30 00:00:00","Customer QNIVZ",Germany,"Product WUXYK",Confections,20,49.30,986.00
10560,"2007-06-06 00:00:00","Customer AZJED",Germany,"Product WUXYK",Confections,15,49.30,739.50
10562,"2007-06-09 00:00:00","Customer LHANT",Italy,"Product WUXYK",Confections,10,49.30,493.00
10574,"2007-06-19 00:00:00","Customer EYHKM",USA,"Product WUXYK",Confections,10,49.30,493.00
10599,"2007-07-15 00:00:00","Customer UBHAU",UK,"Product WUXYK",Confections,10,49.30,493.00
10606,"2007-07-22 00:00:00","Customer YQQWW",Brazil,"Product WUXYK",Confections,10,49.30,493.00
10627,"2007-08-11 00:00:00","Customer LCOUJ",USA,"Product WUXYK",Confections,15,49.30,739.50
10633,"2007-08-15 00:00:00","Customer THHDP",Austria,"Product WUXYK",Confections,80,49.30,3944.00
10671,"2007-09-17 00:00:00","Customer USDBG",France,"Product WUXYK",Confections,10,49.30,493.00
10691,"2007-10-03 00:00:00","Customer IRRVL",Germany,"Product WUXYK",Confections,48,49.30,2366.40
10718,"2007-10-27 00:00:00","Customer GLLAG",Germany,"Product WUXYK",Confections,20,49.30,986.00
10746,"2007-11-19 00:00:00","Customer WNMAF",Switzerland,"Product WUXYK",Confections,9,49.30,443.70
10757,"2007-11-27 00:00:00","Customer LCOUJ",USA,"Product WUXYK",Confections,30,49.30,1479.00
10769,"2007-12-08 00:00:00","Customer ZRNDE",Denmark,"Product WUXYK",Confections,15,49.30,739.50
10779,"2007-12-16 00:00:00","Customer PZNLA",Germany,"Product WUXYK",Confections,20,49.30,986.00
10798,"2007-12-26 00:00:00","Customer LJUCA",UK,"Product WUXYK",Confections,2,49.30,98.60
10802,"2007-12-29 00:00:00","Customer JMIKW",Denmark,"Product WUXYK",Confections,5,49.30,246.50
10816,"2008-01-06 00:00:00","Customer YSIQX",USA,"Product WUXYK",Confections,20,49.30,986.00
10817,"2008-01-06 00:00:00","Customer GLLAG",Germany,"Product WUXYK",Confections,25,49.30,1232.50
10822,"2008-01-08 00:00:00","Customer EYHKM",USA,"Product WUXYK",Confections,3,49.30,147.90
10852,"2008-01-26 00:00:00","Customer NYUHS",USA,"Product WUXYK",Confections,50,49.30,2465.00
10861,"2008-01-30 00:00:00","Customer YBQTI",USA,"Product WUXYK",Confections,3,49.30,147.90
10872,"2008-02-05 00:00:00","Customer KSLQF",Spain,"Product WUXYK",Confections,20,49.30,986.00
10902,"2008-02-23 00:00:00","Customer CYZTN",Sweden,"Product WUXYK",Confections,6,49.30,295.80
10904,"2008-02-24 00:00:00","Customer YBQTI",USA,"Product WUXYK",Confections,35,49.30,1725.50
10932,"2008-03-06 00:00:00","Customer RTXGC",France,"Product WUXYK",Confections,14,49.30,690.20
10941,"2008-03-11 00:00:00","Customer LCOUJ",USA,"Product WUXYK",Confections,30,49.30,1479.00
10949,"2008-03-13 00:00:00","Customer EEALV",Canada,"Product WUXYK",Confections,60,49.30,2958.00
10966,"2008-03-20 00:00:00","Customer WNMAF",Switzerland,"Product WUXYK",Confections,12,49.30,591.60
10988,"2008-03-31 00:00:00","Customer NYUHS",USA,"Product WUXYK",Confections,40,49.30,1972.00
11027,"2008-04-16 00:00:00","Customer EEALV",Canada,"Product WUXYK",Confections,21,49.30,1035.30
11044,"2008-04-23 00:00:00","Customer CCFIZ",Poland,"Product WUXYK",Confections,12,49.30,591.60
10288,"2006-08-23 00:00:00","Customer LHANT",Italy,"Product TBTBL",Confections,3,10.00,30.00
10300,"2006-09-09 00:00:00","Customer CQRAA",Italy,"Product TBTBL",Confections,20,10.00,200.00
10303,"2006-09-11 00:00:00","Customer KSLQF",Spain,"Product TBTBL",Confections,15,10.00,150.00
10307,"2006-09-17 00:00:00","Customer DVFMB",USA,"Product TBTBL",Confections,3,10.00,30.00
10328,"2006-10-14 00:00:00","Customer XYUFB",Portugal,"Product TBTBL",Confections,10,10.00,100.00
10334,"2006-10-21 00:00:00","Customer NRCSK",France,"Product TBTBL",Confections,10,10.00,100.00
10343,"2006-10-31 00:00:00","Customer OXFRU",Germany,"Product TBTBL",Confections,4,10.00,40.00
10385,"2006-12-17 00:00:00","Customer XOJYP",USA,"Product TBTBL",Confections,8,10.00,80.00
10399,"2006-12-31 00:00:00","Customer ZRNDE",Denmark,"Product TBTBL",Confections,60,10.00,600.00
10417,"2007-01-16 00:00:00","Customer JMIKW",Denmark,"Product TBTBL",Confections,36,10.00,360.00
10424,"2007-01-23 00:00:00","Customer PVDZC",Canada,"Product TBTBL",Confections,30,10.00,300.00
10460,"2007-02-28 00:00:00","Customer CYZTN",Sweden,"Product TBTBL",Confections,21,10.00,210.00
10490,"2007-03-31 00:00:00","Customer UMTLM",Venezuela,"Product TBTBL",Confections,30,10.00,300.00
10521,"2007-04-29 00:00:00","Customer PSNMQ",Argentina,"Product TBTBL",Confections,6,12.50,75.00
10529,"2007-05-07 00:00:00","Customer JYPSC",Belgium,"Product TBTBL",Confections,20,12.50,250.00
10540,"2007-05-19 00:00:00","Customer IRRVL",Germany,"Product TBTBL",Confections,35,12.50,437.50
10618,"2007-08-01 00:00:00","Customer PVDZC",Canada,"Product TBTBL",Confections,15,12.50,187.50
10622,"2007-08-06 00:00:00","Customer QVEPD",Brazil,"Product TBTBL",Confections,18,12.50,225.00
10662,"2007-09-09 00:00:00","Customer DVFMB",USA,"Product TBTBL",Confections,10,12.50,125.00
10700,"2007-10-10 00:00:00","Customer LCOUJ",USA,"Product TBTBL",Confections,40,12.50,500.00
10722,"2007-10-29 00:00:00","Customer LCOUJ",USA,"Product TBTBL",Confections,45,12.50,562.50
10756,"2007-11-27 00:00:00","Customer XOJYP",USA,"Product TBTBL",Confections,6,12.50,75.00
10766,"2007-12-05 00:00:00","Customer QNIVZ",Germany,"Product TBTBL",Confections,40,12.50,500.00
10789,"2007-12-22 00:00:00","Customer WVFAF",France,"Product TBTBL",Confections,18,12.50,225.00
10792,"2007-12-23 00:00:00","Customer CCFIZ",Poland,"Product TBTBL",Confections,15,12.50,187.50
10830,"2008-01-13 00:00:00","Customer YQQWW",Brazil,"Product TBTBL",Confections,24,12.50,300.00
10842,"2008-01-20 00:00:00","Customer VONTK",Mexico,"Product TBTBL",Confections,20,12.50,250.00
10869,"2008-02-04 00:00:00","Customer AHPOP",UK,"Product TBTBL",Confections,20,12.50,250.00
10888,"2008-02-16 00:00:00","Customer KSLQF",Spain,"Product TBTBL",Confections,18,12.50,225.00
10903,"2008-02-24 00:00:00","Customer IBVRG",Brazil,"Product TBTBL",Confections,20,12.50,250.00
10941,"2008-03-11 00:00:00","Customer LCOUJ",USA,"Product TBTBL",Confections,80,12.50,1000.00
11013,"2008-04-09 00:00:00","Customer SIUIH",Spain,"Product TBTBL",Confections,2,12.50,25.00
11048,"2008-04-24 00:00:00","Customer EEALV",Canada,"Product TBTBL",Confections,42,12.50,525.00
11064,"2008-05-01 00:00:00","Customer LCOUJ",USA,"Product TBTBL",Confections,55,12.50,687.50
10248,"2006-07-04 00:00:00","Customer ENQZT",France,"Product QMVUN","Dairy Products",12,14.00,168.00
10296,"2006-09-03 00:00:00","Customer XPNIK",Venezuela,"Product QMVUN","Dairy Products",12,16.80,201.60
10327,"2006-10-11 00:00:00","Customer CYZTN",Sweden,"Product QMVUN","Dairy Products",50,16.80,840.00
10353,"2006-11-13 00:00:00","Customer LOLJO",Austria,"Product QMVUN","Dairy Products",12,16.80,201.60
10365,"2006-11-27 00:00:00","Customer KBUDE",Mexico,"Product QMVUN","Dairy Products",24,16.80,403.20
10407,"2007-01-07 00:00:00","Customer QNIVZ",Germany,"Product QMVUN","Dairy Products",30,16.80,504.00
10434,"2007-02-03 00:00:00","Customer CYZTN",Sweden,"Product QMVUN","Dairy Products",6,16.80,100.80
10442,"2007-02-11 00:00:00","Customer THHDP",Austria,"Product QMVUN","Dairy Products",30,16.80,504.00
10443,"2007-02-12 00:00:00","Customer LHANT",Italy,"Product QMVUN","Dairy Products",6,16.80,100.80
10466,"2007-03-06 00:00:00","Customer JUWXK",Brazil,"Product QMVUN","Dairy Products",10,16.80,168.00
10486,"2007-03-26 00:00:00","Customer UMTLM",Venezuela,"Product QMVUN","Dairy Products",5,16.80,84.00
10489,"2007-03-28 00:00:00","Customer LOLJO",Austria,"Product QMVUN","Dairy Products",15,16.80,252.00
10528,"2007-05-06 00:00:00","Customer YSIQX",USA,"Product QMVUN","Dairy Products",3,21.00,63.00
10535,"2007-05-13 00:00:00","Customer KBUDE",Mexico,"Product QMVUN","Dairy Products",50,21.00,1050.00
10542,"2007-05-20 00:00:00","Customer GLLAG",Germany,"Product QMVUN","Dairy Products",15,21.00,315.00
10545,"2007-05-22 00:00:00","Customer UISOJ",USA,"Product QMVUN","Dairy Products",10,21.00,210.00
10553,"2007-05-30 00:00:00","Customer ZHYOS",Finland,"Product QMVUN","Dairy Products",15,21.00,315.00
10566,"2007-06-12 00:00:00","Customer QXVLA",France,"Product QMVUN","Dairy Products",35,21.00,735.00
10570,"2007-06-17 00:00:00","Customer PVDZC",Canada,"Product QMVUN","Dairy Products",15,21.00,315.00
10614,"2007-07-29 00:00:00","Customer XHXJV",Germany,"Product QMVUN","Dairy Products",14,21.00,294.00
10637,"2007-08-19 00:00:00","Customer WFIZJ",Brazil,"Product QMVUN","Dairy Products",10,21.00,210.00
10698,"2007-10-09 00:00:00","Customer THHDP",Austria,"Product QMVUN","Dairy Products",15,21.00,315.00
10726,"2007-11-03 00:00:00","Customer RFNQC",UK,"Product QMVUN","Dairy Products",5,21.00,105.00
10770,"2007-12-09 00:00:00","Customer IBVRG",Brazil,"Product QMVUN","Dairy Products",15,21.00,315.00
10797,"2007-12-25 00:00:00","Customer FEVNN",Germany,"Product QMVUN","Dairy Products",20,21.00,420.00
10800,"2007-12-26 00:00:00","Customer AHPOP",UK,"Product QMVUN","Dairy Products",50,21.00,1050.00
10823,"2008-01-09 00:00:00","Customer XPNIK",Venezuela,"Product QMVUN","Dairy Products",20,21.00,420.00
10842,"2008-01-20 00:00:00","Customer VONTK",Mexico,"Product QMVUN","Dairy Products",15,21.00,315.00
10862,"2008-01-30 00:00:00","Customer OXFRU",Germany,"Product QMVUN","Dairy Products",25,21.00,525.00
10869,"2008-02-04 00:00:00","Customer AHPOP",UK,"Product QMVUN","Dairy Products",10,21.00,210.00
10889,"2008-02-16 00:00:00","Customer NYUHS",USA,"Product QMVUN","Dairy Products",40,21.00,840.00
10912,"2008-02-26 00:00:00","Customer FRXZL",Ireland,"Product QMVUN","Dairy Products",40,21.00,840.00
10926,"2008-03-04 00:00:00","Customer MLTDN",Mexico,"Product QMVUN","Dairy Products",2,21.00,42.00
10944,"2008-03-12 00:00:00","Customer EEALV",Canada,"Product QMVUN","Dairy Products",5,21.00,105.00
10986,"2008-03-30 00:00:00","Customer TDKEG",Argentina,"Product QMVUN","Dairy Products",30,21.00,630.00
10989,"2008-03-31 00:00:00","Customer WULWD",Brazil,"Product QMVUN","Dairy Products",15,21.00,315.00
11043,"2008-04-22 00:00:00","Customer YSHXL",France,"Product QMVUN","Dairy Products",10,21.00,210.00
11073,"2008-05-05 00:00:00","Customer AHXHT",Mexico,"Product QMVUN","Dairy Products",10,21.00,210.00
10266,"2006-07-26 00:00:00","Customer ZHYOS",Finland,"Product OSFNS","Dairy Products",12,30.40,364.80
10439,"2007-02-07 00:00:00","Customer PVDZC",Canada,"Product OSFNS","Dairy Products",15,30.40,456.00
10536,"2007-05-14 00:00:00","Customer OXFRU",Germany,"Product OSFNS","Dairy Products",15,38.00,570.00
10543,"2007-05-21 00:00:00","Customer XPNIK",Venezuela,"Product OSFNS","Dairy Products",30,38.00,1140.00
10633,"2007-08-15 00:00:00","Customer THHDP",Austria,"Product OSFNS","Dairy Products",36,38.00,1368.00
10678,"2007-09-23 00:00:00","Customer LCOUJ",USA,"Product OSFNS","Dairy Products",100,38.00,3800.00
10695,"2007-10-07 00:00:00","Customer XBBVR",Finland,"Product OSFNS","Dairy Products",4,38.00,152.00
10718,"2007-10-27 00:00:00","Customer GLLAG",Germany,"Product OSFNS","Dairy Products",36,38.00,1368.00
